id,resident_name,nric,phone_number,last_update_dt
rid_1,resident_name_1,F000001C,80000001,2021-04-01T16:59:09.406+08:00
rid_2,resident_name_2,F000002P,90000002,2021-04-01T16:59:09.409+08:00
rid_3,resident_name_3,S000003D,80000003,2021-04-01T16:59:09.412+08:00
rid_4,resident_name_4,S000004H,80000004,2021-04-01T16:59:09.414+08:00
rid_5,resident_name_5,S000005O,90000005,2021-04-01T16:59:09.416+08:00
rid_6,resident_name_6,F000006N,80000006,2021-04-01T16:59:09.418+08:00
rid_7,resident_name_7,S000007W,80000007,2021-04-01T16:59:09.421+08:00
rid_8,resident_name_8,S000008G,90000008,2021-04-01T16:59:09.423+08:00
rid_9,resident_name_9,S000009N,90000009,2021-04-01T16:59:09.426+08:00
rid_10,resident_name_10,F000010O,80000010,2021-04-01T16:59:09.428+08:00
rid_11,resident_name_11,F000011H,90000011,2021-04-01T16:59:09.430+08:00
rid_12,resident_name_12,F000012I,80000012,2021-04-01T16:59:09.432+08:00
rid_13,resident_name_13,F000013C,90000013,2021-04-01T16:59:09.435+08:00
rid_14,resident_name_14,F000014B,80000014,2021-04-01T16:59:09.437+08:00
rid_15,resident_name_15,S000015E,80000015,2021-04-01T16:59:09.439+08:00
rid_16,resident_name_16,S000016N,90000016,2021-04-01T16:59:09.441+08:00
rid_17,resident_name_17,F000017J,90000017,2021-04-01T16:59:09.443+08:00
rid_18,resident_name_18,F000018L,90000018,2021-04-01T16:59:09.446+08:00
rid_19,resident_name_19,F000019L,80000019,2021-04-01T16:59:09.448+08:00
rid_20,resident_name_20,F000020B,90000020,2021-04-01T16:59:09.450+08:00
rid_21,resident_name_21,S000021V,80000021,2021-04-01T16:59:09.453+08:00
rid_22,resident_name_22,S000022T,80000022,2021-04-01T16:59:09.456+08:00
rid_23,resident_name_23,S000023U,90000023,2021-04-01T16:59:09.459+08:00
rid_24,resident_name_24,S000024M,90000024,2021-04-01T16:59:09.462+08:00
rid_25,resident_name_25,F000025T,90000025,2021-04-01T16:59:09.464+08:00
rid_26,resident_name_26,S000026B,80000026,2021-04-01T16:59:09.466+08:00
rid_27,resident_name_27,S000027A,80000027,2021-04-01T16:59:09.469+08:00
rid_28,resident_name_28,F000028R,80000028,2021-04-01T16:59:09.471+08:00
rid_29,resident_name_29,S000029M,90000029,2021-04-01T16:59:09.474+08:00
rid_30,resident_name_30,S000030U,80000030,2021-04-01T16:59:09.478+08:00
rid_31,resident_name_31,S000031U,80000031,2021-04-01T16:59:09.481+08:00
rid_32,resident_name_32,S000032T,80000032,2021-04-01T16:59:09.484+08:00
rid_33,resident_name_33,S000033W,90000033,2021-04-01T16:59:09.487+08:00
rid_34,resident_name_34,F000034U,90000034,2021-04-01T16:59:09.489+08:00
rid_35,resident_name_35,F000035R,80000035,2021-04-01T16:59:09.491+08:00
rid_36,resident_name_36,F000036K,90000036,2021-04-01T16:59:09.494+08:00
rid_37,resident_name_37,F000037E,90000037,2021-04-01T16:59:09.496+08:00
rid_38,resident_name_38,F000038G,80000038,2021-04-01T16:59:09.499+08:00
rid_39,resident_name_39,S000039K,90000039,2021-04-01T16:59:09.501+08:00
rid_40,resident_name_40,S000040D,90000040,2021-04-01T16:59:09.503+08:00
rid_41,resident_name_41,F000041A,80000041,2021-04-01T16:59:09.505+08:00
rid_42,resident_name_42,F000042S,80000042,2021-04-01T16:59:09.508+08:00
rid_43,resident_name_43,F000043R,90000043,2021-04-01T16:59:09.510+08:00
rid_44,resident_name_44,S000044H,80000044,2021-04-01T16:59:09.512+08:00
rid_45,resident_name_45,S000045P,80000045,2021-04-01T16:59:09.515+08:00
rid_46,resident_name_46,S000046I,80000046,2021-04-01T16:59:09.517+08:00
rid_47,resident_name_47,F000047M,80000047,2021-04-01T16:59:09.519+08:00
rid_48,resident_name_48,S000048P,80000048,2021-04-01T16:59:09.521+08:00
rid_49,resident_name_49,F000049R,80000049,2021-04-01T16:59:09.523+08:00
rid_50,resident_name_50,S000050K,80000050,2021-04-01T16:59:09.526+08:00
rid_51,resident_name_51,S000051C,90000051,2021-04-01T16:59:09.528+08:00
rid_52,resident_name_52,F000052O,80000052,2021-04-01T16:59:09.530+08:00
rid_53,resident_name_53,S000053R,80000053,2021-04-01T16:59:09.532+08:00
rid_54,resident_name_54,F000054B,90000054,2021-04-01T16:59:09.534+08:00
rid_55,resident_name_55,F000055G,90000055,2021-04-01T16:59:09.537+08:00
rid_56,resident_name_56,F000056O,80000056,2021-04-01T16:59:09.539+08:00
rid_57,resident_name_57,F000057L,80000057,2021-04-01T16:59:09.541+08:00
rid_58,resident_name_58,F000058K,90000058,2021-04-01T16:59:09.544+08:00
rid_59,resident_name_59,S000059Z,90000059,2021-04-01T16:59:09.546+08:00
rid_60,resident_name_60,S000060B,90000060,2021-04-01T16:59:09.548+08:00
rid_61,resident_name_61,S000061I,80000061,2021-04-01T16:59:09.550+08:00
rid_62,resident_name_62,F000062S,80000062,2021-04-01T16:59:09.552+08:00
rid_63,resident_name_63,F000063P,90000063,2021-04-01T16:59:09.554+08:00
rid_64,resident_name_64,S000064C,80000064,2021-04-01T16:59:09.557+08:00
rid_65,resident_name_65,S000065W,80000065,2021-04-01T16:59:09.559+08:00
rid_66,resident_name_66,S000066D,80000066,2021-04-01T16:59:09.561+08:00
rid_67,resident_name_67,S000067H,90000067,2021-04-01T16:59:09.563+08:00
rid_68,resident_name_68,F000068N,80000068,2021-04-01T16:59:09.565+08:00
rid_69,resident_name_69,F000069V,90000069,2021-04-01T16:59:09.567+08:00
rid_70,resident_name_70,S000070P,80000070,2021-04-01T16:59:09.569+08:00
rid_71,resident_name_71,F000071K,90000071,2021-04-01T16:59:09.571+08:00
rid_72,resident_name_72,S000072X,80000072,2021-04-01T16:59:09.574+08:00
rid_73,resident_name_73,S000073O,80000073,2021-04-01T16:59:09.576+08:00
rid_74,resident_name_74,F000074W,90000074,2021-04-01T16:59:09.579+08:00
rid_75,resident_name_75,F000075J,80000075,2021-04-01T16:59:09.581+08:00
rid_76,resident_name_76,F000076W,80000076,2021-04-01T16:59:09.583+08:00
rid_77,resident_name_77,S000077V,80000077,2021-04-01T16:59:09.585+08:00
rid_78,resident_name_78,S000078W,90000078,2021-04-01T16:59:09.587+08:00
rid_79,resident_name_79,S000079D,80000079,2021-04-01T16:59:09.590+08:00
rid_80,resident_name_80,F000080N,80000080,2021-04-01T16:59:09.593+08:00
rid_81,resident_name_81,S000081L,90000081,2021-04-01T16:59:09.595+08:00
rid_82,resident_name_82,F000082A,90000082,2021-04-01T16:59:09.597+08:00
rid_83,resident_name_83,F000083C,80000083,2021-04-01T16:59:09.599+08:00
rid_84,resident_name_84,S000084R,80000084,2021-04-01T16:59:09.601+08:00
rid_85,resident_name_85,S000085K,90000085,2021-04-01T16:59:09.603+08:00
rid_86,resident_name_86,S000086F,80000086,2021-04-01T16:59:09.606+08:00
rid_87,resident_name_87,S000087J,80000087,2021-04-01T16:59:09.608+08:00
rid_88,resident_name_88,F000088Z,80000088,2021-04-01T16:59:09.610+08:00
rid_89,resident_name_89,S000089G,80000089,2021-04-01T16:59:09.612+08:00
rid_90,resident_name_90,F000090Z,80000090,2021-04-01T16:59:09.614+08:00
rid_91,resident_name_91,S000091K,90000091,2021-04-01T16:59:09.616+08:00
rid_92,resident_name_92,S000092M,90000092,2021-04-01T16:59:09.619+08:00
rid_93,resident_name_93,F000093Y,80000093,2021-04-01T16:59:09.622+08:00
rid_94,resident_name_94,S000094T,90000094,2021-04-01T16:59:09.624+08:00
rid_95,resident_name_95,F000095D,80000095,2021-04-01T16:59:09.626+08:00
rid_96,resident_name_96,F000096P,80000096,2021-04-01T16:59:09.628+08:00
rid_97,resident_name_97,F000097Q,90000097,2021-04-01T16:59:09.631+08:00
rid_98,resident_name_98,F000098M,90000098,2021-04-01T16:59:09.642+08:00
rid_99,resident_name_99,S000099B,80000099,2021-04-01T16:59:09.644+08:00
rid_100,resident_name_100,S000100P,80000100,2021-04-01T16:59:09.646+08:00
rid_101,resident_name_101,S000101N,80000101,2021-04-01T16:59:09.648+08:00
rid_102,resident_name_102,S000102U,90000102,2021-04-01T16:59:09.651+08:00
rid_103,resident_name_103,S000103X,80000103,2021-04-01T16:59:09.653+08:00
rid_104,resident_name_104,S000104C,90000104,2021-04-01T16:59:09.656+08:00
rid_105,resident_name_105,S000105H,90000105,2021-04-01T16:59:09.658+08:00
rid_106,resident_name_106,S000106Q,80000106,2021-04-01T16:59:09.660+08:00
rid_107,resident_name_107,S000107W,90000107,2021-04-01T16:59:09.662+08:00
rid_108,resident_name_108,S000108B,90000108,2021-04-01T16:59:09.664+08:00
rid_109,resident_name_109,F000109A,90000109,2021-04-01T16:59:09.667+08:00
rid_110,resident_name_110,S000110D,80000110,2021-04-01T16:59:09.669+08:00
rid_111,resident_name_111,S000111Q,80000111,2021-04-01T16:59:09.671+08:00
rid_112,resident_name_112,F000112R,90000112,2021-04-01T16:59:09.673+08:00
rid_113,resident_name_113,S000113I,90000113,2021-04-01T16:59:09.676+08:00
rid_114,resident_name_114,S000114C,90000114,2021-04-01T16:59:09.679+08:00
rid_115,resident_name_115,S000115L,80000115,2021-04-01T16:59:09.681+08:00
rid_116,resident_name_116,S000116O,90000116,2021-04-01T16:59:09.684+08:00
rid_117,resident_name_117,F000117O,90000117,2021-04-01T16:59:09.686+08:00
rid_118,resident_name_118,S000118K,80000118,2021-04-01T16:59:09.688+08:00
rid_119,resident_name_119,F000119V,90000119,2021-04-01T16:59:09.690+08:00
rid_120,resident_name_120,F000120K,90000120,2021-04-01T16:59:09.692+08:00
rid_121,resident_name_121,S000121A,80000121,2021-04-01T16:59:09.695+08:00
rid_122,resident_name_122,S000122I,90000122,2021-04-01T16:59:09.699+08:00
rid_123,resident_name_123,S000123Y,80000123,2021-04-01T16:59:09.701+08:00
rid_124,resident_name_124,F000124L,80000124,2021-04-01T16:59:09.704+08:00
rid_125,resident_name_125,S000125D,80000125,2021-04-01T16:59:09.706+08:00
rid_126,resident_name_126,F000126X,90000126,2021-04-01T16:59:09.708+08:00
rid_127,resident_name_127,S000127J,90000127,2021-04-01T16:59:09.711+08:00
rid_128,resident_name_128,F000128I,90000128,2021-04-01T16:59:09.713+08:00
rid_129,resident_name_129,F000129X,90000129,2021-04-01T16:59:09.715+08:00
rid_130,resident_name_130,S000130A,80000130,2021-04-01T16:59:09.717+08:00
rid_131,resident_name_131,S000131N,90000131,2021-04-01T16:59:09.720+08:00
rid_132,resident_name_132,F000132U,80000132,2021-04-01T16:59:09.722+08:00
rid_133,resident_name_133,F000133B,80000133,2021-04-01T16:59:09.724+08:00
rid_134,resident_name_134,S000134D,90000134,2021-04-01T16:59:09.726+08:00
rid_135,resident_name_135,F000135A,80000135,2021-04-01T16:59:09.729+08:00
rid_136,resident_name_136,S000136N,80000136,2021-04-01T16:59:09.731+08:00
rid_137,resident_name_137,S000137G,80000137,2021-04-01T16:59:09.733+08:00
rid_138,resident_name_138,S000138Q,80000138,2021-04-01T16:59:09.735+08:00
rid_139,resident_name_139,S000139E,80000139,2021-04-01T16:59:09.737+08:00
rid_140,resident_name_140,F000140R,90000140,2021-04-01T16:59:09.740+08:00
rid_141,resident_name_141,F000141O,90000141,2021-04-01T16:59:09.742+08:00
rid_142,resident_name_142,S000142X,80000142,2021-04-01T16:59:09.744+08:00
rid_143,resident_name_143,S000143H,90000143,2021-04-01T16:59:09.746+08:00
rid_144,resident_name_144,S000144V,90000144,2021-04-01T16:59:09.748+08:00
rid_145,resident_name_145,F000145B,80000145,2021-04-01T16:59:09.750+08:00
rid_146,resident_name_146,S000146C,90000146,2021-04-01T16:59:09.752+08:00
rid_147,resident_name_147,S000147P,90000147,2021-04-01T16:59:09.754+08:00
rid_148,resident_name_148,S000148U,90000148,2021-04-01T16:59:09.757+08:00
rid_149,resident_name_149,F000149T,90000149,2021-04-01T16:59:09.759+08:00
rid_150,resident_name_150,S000150H,90000150,2021-04-01T16:59:09.761+08:00
rid_151,resident_name_151,S000151K,80000151,2021-04-01T16:59:09.763+08:00
rid_152,resident_name_152,S000152C,90000152,2021-04-01T16:59:09.765+08:00
rid_153,resident_name_153,F000153J,90000153,2021-04-01T16:59:09.767+08:00
rid_154,resident_name_154,F000154V,90000154,2021-04-01T16:59:09.770+08:00
rid_155,resident_name_155,F000155U,80000155,2021-04-01T16:59:09.772+08:00
rid_156,resident_name_156,F000156D,80000156,2021-04-01T16:59:09.774+08:00
rid_157,resident_name_157,F000157Y,80000157,2021-04-01T16:59:09.776+08:00
rid_158,resident_name_158,F000158O,80000158,2021-04-01T16:59:09.778+08:00
rid_159,resident_name_159,F000159I,90000159,2021-04-01T16:59:09.780+08:00
rid_160,resident_name_160,F000160J,90000160,2021-04-01T16:59:09.782+08:00
rid_161,resident_name_161,S000161Q,90000161,2021-04-01T16:59:09.785+08:00
rid_162,resident_name_162,S000162L,90000162,2021-04-01T16:59:09.787+08:00
rid_163,resident_name_163,S000163A,90000163,2021-04-01T16:59:09.789+08:00
rid_164,resident_name_164,F000164L,90000164,2021-04-01T16:59:09.791+08:00
rid_165,resident_name_165,S000165N,90000165,2021-04-01T16:59:09.793+08:00
rid_166,resident_name_166,S000166H,90000166,2021-04-01T16:59:09.795+08:00
rid_167,resident_name_167,S000167K,90000167,2021-04-01T16:59:09.797+08:00
rid_168,resident_name_168,F000168N,90000168,2021-04-01T16:59:09.799+08:00
rid_169,resident_name_169,S000169L,80000169,2021-04-01T16:59:09.802+08:00
rid_170,resident_name_170,S000170S,80000170,2021-04-01T16:59:09.804+08:00
rid_171,resident_name_171,S000171Q,80000171,2021-04-01T16:59:09.806+08:00
rid_172,resident_name_172,S000172Y,80000172,2021-04-01T16:59:09.808+08:00
rid_173,resident_name_173,S000173C,90000173,2021-04-01T16:59:09.810+08:00
rid_174,resident_name_174,S000174I,90000174,2021-04-01T16:59:09.812+08:00
rid_175,resident_name_175,S000175W,80000175,2021-04-01T16:59:09.814+08:00
rid_176,resident_name_176,S000176M,80000176,2021-04-01T16:59:09.816+08:00
rid_177,resident_name_177,F000177I,90000177,2021-04-01T16:59:09.819+08:00
rid_178,resident_name_178,F000178W,90000178,2021-04-01T16:59:09.821+08:00
rid_179,resident_name_179,S000179P,90000179,2021-04-01T16:59:09.823+08:00
rid_180,resident_name_180,F000180X,90000180,2021-04-01T16:59:09.825+08:00
rid_181,resident_name_181,F000181J,90000181,2021-04-01T16:59:09.827+08:00
rid_182,resident_name_182,S000182R,90000182,2021-04-01T16:59:09.829+08:00
rid_183,resident_name_183,S000183I,80000183,2021-04-01T16:59:09.831+08:00
rid_184,resident_name_184,S000184K,80000184,2021-04-01T16:59:09.833+08:00
rid_185,resident_name_185,S000185B,80000185,2021-04-01T16:59:09.836+08:00
rid_186,resident_name_186,S000186C,90000186,2021-04-01T16:59:09.838+08:00
rid_187,resident_name_187,F000187L,90000187,2021-04-01T16:59:09.840+08:00
rid_188,resident_name_188,F000188H,90000188,2021-04-01T16:59:09.842+08:00
rid_189,resident_name_189,F000189X,80000189,2021-04-01T16:59:09.844+08:00
rid_190,resident_name_190,S000190F,80000190,2021-04-01T16:59:09.846+08:00
rid_191,resident_name_191,F000191Q,80000191,2021-04-01T16:59:09.848+08:00
rid_192,resident_name_192,S000192N,80000192,2021-04-01T16:59:09.851+08:00
rid_193,resident_name_193,F000193M,90000193,2021-04-01T16:59:09.853+08:00
rid_194,resident_name_194,F000194U,90000194,2021-04-01T16:59:09.855+08:00
rid_195,resident_name_195,S000195E,90000195,2021-04-01T16:59:09.857+08:00
rid_196,resident_name_196,S000196Q,80000196,2021-04-01T16:59:09.859+08:00
rid_197,resident_name_197,S000197F,90000197,2021-04-01T16:59:09.861+08:00
rid_198,resident_name_198,F000198B,80000198,2021-04-01T16:59:09.863+08:00
rid_199,resident_name_199,F000199K,90000199,2021-04-01T16:59:09.865+08:00
rid_200,resident_name_200,F000200D,90000200,2021-04-01T16:59:09.868+08:00
rid_201,resident_name_201,S000201X,90000201,2021-04-01T16:59:09.870+08:00
rid_202,resident_name_202,S000202B,80000202,2021-04-01T16:59:09.872+08:00
rid_203,resident_name_203,F000203N,80000203,2021-04-01T16:59:09.874+08:00
rid_204,resident_name_204,S000204H,90000204,2021-04-01T16:59:09.876+08:00
rid_205,resident_name_205,S000205C,80000205,2021-04-01T16:59:09.878+08:00
rid_206,resident_name_206,S000206E,90000206,2021-04-01T16:59:09.880+08:00
rid_207,resident_name_207,F000207K,80000207,2021-04-01T16:59:09.883+08:00
rid_208,resident_name_208,F000208I,80000208,2021-04-01T16:59:09.885+08:00
rid_209,resident_name_209,F000209U,90000209,2021-04-01T16:59:09.887+08:00
rid_210,resident_name_210,S000210Z,90000210,2021-04-01T16:59:09.889+08:00
rid_211,resident_name_211,F000211M,80000211,2021-04-01T16:59:09.891+08:00
rid_212,resident_name_212,S000212Y,80000212,2021-04-01T16:59:09.893+08:00
rid_213,resident_name_213,S000213F,90000213,2021-04-01T16:59:09.895+08:00
rid_214,resident_name_214,S000214E,80000214,2021-04-01T16:59:09.898+08:00
rid_215,resident_name_215,F000215H,90000215,2021-04-01T16:59:09.900+08:00
rid_216,resident_name_216,F000216J,90000216,2021-04-01T16:59:09.902+08:00
rid_217,resident_name_217,F000217U,80000217,2021-04-01T16:59:09.904+08:00
rid_218,resident_name_218,S000218Y,80000218,2021-04-01T16:59:09.907+08:00
rid_219,resident_name_219,F000219U,90000219,2021-04-01T16:59:09.909+08:00
rid_220,resident_name_220,F000220Q,80000220,2021-04-01T16:59:09.911+08:00
rid_221,resident_name_221,F000221T,90000221,2021-04-01T16:59:09.913+08:00
rid_222,resident_name_222,F000222Z,80000222,2021-04-01T16:59:09.915+08:00
rid_223,resident_name_223,S000223F,80000223,2021-04-01T16:59:09.917+08:00
rid_224,resident_name_224,S000224B,90000224,2021-04-01T16:59:09.919+08:00
rid_225,resident_name_225,S000225C,80000225,2021-04-01T16:59:09.922+08:00
rid_226,resident_name_226,S000226C,90000226,2021-04-01T16:59:09.924+08:00
rid_227,resident_name_227,F000227N,80000227,2021-04-01T16:59:09.926+08:00
rid_228,resident_name_228,S000228R,90000228,2021-04-01T16:59:09.928+08:00
rid_229,resident_name_229,S000229V,80000229,2021-04-01T16:59:09.930+08:00
rid_230,resident_name_230,S000230B,80000230,2021-04-01T16:59:09.932+08:00
rid_231,resident_name_231,F000231Z,80000231,2021-04-01T16:59:09.934+08:00
rid_232,resident_name_232,F000232N,90000232,2021-04-01T16:59:09.937+08:00
rid_233,resident_name_233,F000233Q,90000233,2021-04-01T16:59:09.939+08:00
rid_234,resident_name_234,F000234Q,80000234,2021-04-01T16:59:09.941+08:00
rid_235,resident_name_235,S000235X,80000235,2021-04-01T16:59:09.944+08:00
rid_236,resident_name_236,S000236K,80000236,2021-04-01T16:59:09.946+08:00
rid_237,resident_name_237,F000237B,90000237,2021-04-01T16:59:09.948+08:00
rid_238,resident_name_238,S000238F,90000238,2021-04-01T16:59:09.950+08:00
rid_239,resident_name_239,F000239M,90000239,2021-04-01T16:59:09.953+08:00
rid_240,resident_name_240,S000240U,90000240,2021-04-01T16:59:09.955+08:00
rid_241,resident_name_241,S000241A,90000241,2021-04-01T16:59:09.957+08:00
rid_242,resident_name_242,S000242W,80000242,2021-04-01T16:59:09.959+08:00
rid_243,resident_name_243,S000243O,80000243,2021-04-01T16:59:09.961+08:00
rid_244,resident_name_244,S000244S,90000244,2021-04-01T16:59:09.964+08:00
rid_245,resident_name_245,F000245E,80000245,2021-04-01T16:59:09.966+08:00
rid_246,resident_name_246,S000246Y,80000246,2021-04-01T16:59:09.968+08:00
rid_247,resident_name_247,S000247E,90000247,2021-04-01T16:59:09.970+08:00
rid_248,resident_name_248,S000248Q,80000248,2021-04-01T16:59:09.972+08:00
rid_249,resident_name_249,S000249M,80000249,2021-04-01T16:59:09.974+08:00
rid_250,resident_name_250,S000250M,80000250,2021-04-01T16:59:09.976+08:00
rid_251,resident_name_251,F000251V,90000251,2021-04-01T16:59:09.979+08:00
rid_252,resident_name_252,F000252F,80000252,2021-04-01T16:59:09.981+08:00
rid_253,resident_name_253,S000253Y,80000253,2021-04-01T16:59:09.983+08:00
rid_254,resident_name_254,F000254H,90000254,2021-04-01T16:59:09.985+08:00
rid_255,resident_name_255,F000255G,90000255,2021-04-01T16:59:09.987+08:00
rid_256,resident_name_256,S000256W,80000256,2021-04-01T16:59:09.989+08:00
rid_257,resident_name_257,S000257H,80000257,2021-04-01T16:59:09.992+08:00
rid_258,resident_name_258,S000258S,80000258,2021-04-01T16:59:09.995+08:00
rid_259,resident_name_259,S000259W,90000259,2021-04-01T16:59:09.997+08:00
rid_260,resident_name_260,F000260S,80000260,2021-04-01T16:59:09.999+08:00
rid_261,resident_name_261,F000261A,90000261,2021-04-01T16:59:10.001+08:00
rid_262,resident_name_262,F000262V,80000262,2021-04-01T16:59:10.003+08:00
rid_263,resident_name_263,F000263J,80000263,2021-04-01T16:59:10.005+08:00
rid_264,resident_name_264,S000264W,80000264,2021-04-01T16:59:10.007+08:00
rid_265,resident_name_265,S000265C,80000265,2021-04-01T16:59:10.009+08:00
rid_266,resident_name_266,S000266G,90000266,2021-04-01T16:59:10.012+08:00
rid_267,resident_name_267,F000267M,90000267,2021-04-01T16:59:10.014+08:00
rid_268,resident_name_268,F000268B,90000268,2021-04-01T16:59:10.016+08:00
rid_269,resident_name_269,S000269N,90000269,2021-04-01T16:59:10.018+08:00
rid_270,resident_name_270,F000270N,80000270,2021-04-01T16:59:10.020+08:00
rid_271,resident_name_271,S000271Y,90000271,2021-04-01T16:59:10.022+08:00
rid_272,resident_name_272,S000272D,80000272,2021-04-01T16:59:10.025+08:00
rid_273,resident_name_273,S000273E,90000273,2021-04-01T16:59:10.027+08:00
rid_274,resident_name_274,F000274Y,90000274,2021-04-01T16:59:10.029+08:00
rid_275,resident_name_275,F000275B,90000275,2021-04-01T16:59:10.031+08:00
rid_276,resident_name_276,S000276Q,80000276,2021-04-01T16:59:10.033+08:00
rid_277,resident_name_277,S000277L,90000277,2021-04-01T16:59:10.035+08:00
rid_278,resident_name_278,F000278E,80000278,2021-04-01T16:59:10.037+08:00
rid_279,resident_name_279,F000279I,90000279,2021-04-01T16:59:10.039+08:00
rid_280,resident_name_280,S000280W,90000280,2021-04-01T16:59:10.041+08:00
rid_281,resident_name_281,S000281U,90000281,2021-04-01T16:59:10.043+08:00
rid_282,resident_name_282,S000282H,80000282,2021-04-01T16:59:10.046+08:00
rid_283,resident_name_283,F000283V,90000283,2021-04-01T16:59:10.048+08:00
rid_284,resident_name_284,S000284Z,80000284,2021-04-01T16:59:10.050+08:00
rid_285,resident_name_285,S000285H,80000285,2021-04-01T16:59:10.052+08:00
rid_286,resident_name_286,S000286C,80000286,2021-04-01T16:59:10.054+08:00
rid_287,resident_name_287,F000287B,90000287,2021-04-01T16:59:10.057+08:00
rid_288,resident_name_288,S000288R,80000288,2021-04-01T16:59:10.059+08:00
rid_289,resident_name_289,F000289F,90000289,2021-04-01T16:59:10.061+08:00
rid_290,resident_name_290,S000290V,90000290,2021-04-01T16:59:10.063+08:00
rid_291,resident_name_291,S000291D,80000291,2021-04-01T16:59:10.065+08:00
rid_292,resident_name_292,F000292M,80000292,2021-04-01T16:59:10.067+08:00
rid_293,resident_name_293,F000293X,90000293,2021-04-01T16:59:10.069+08:00
rid_294,resident_name_294,F000294Q,80000294,2021-04-01T16:59:10.071+08:00
rid_295,resident_name_295,S000295F,90000295,2021-04-01T16:59:10.074+08:00
rid_296,resident_name_296,F000296K,80000296,2021-04-01T16:59:10.076+08:00
rid_297,resident_name_297,S000297G,80000297,2021-04-01T16:59:10.078+08:00
rid_298,resident_name_298,F000298C,80000298,2021-04-01T16:59:10.080+08:00
rid_299,resident_name_299,F000299O,90000299,2021-04-01T16:59:10.082+08:00
rid_300,resident_name_300,F000300N,80000300,2021-04-01T16:59:10.084+08:00
rid_301,resident_name_301,F000301F,80000301,2021-04-01T16:59:10.087+08:00
rid_302,resident_name_302,F000302V,80000302,2021-04-01T16:59:10.089+08:00
rid_303,resident_name_303,S000303L,80000303,2021-04-01T16:59:10.091+08:00
rid_304,resident_name_304,S000304E,90000304,2021-04-01T16:59:10.093+08:00
rid_305,resident_name_305,S000305S,90000305,2021-04-01T16:59:10.095+08:00
rid_306,resident_name_306,F000306E,80000306,2021-04-01T16:59:10.097+08:00
rid_307,resident_name_307,S000307M,80000307,2021-04-01T16:59:10.099+08:00
rid_308,resident_name_308,F000308U,80000308,2021-04-01T16:59:10.101+08:00
rid_309,resident_name_309,S000309D,90000309,2021-04-01T16:59:10.103+08:00
rid_310,resident_name_310,S000310H,80000310,2021-04-01T16:59:10.106+08:00
rid_311,resident_name_311,S000311X,80000311,2021-04-01T16:59:10.108+08:00
rid_312,resident_name_312,F000312D,90000312,2021-04-01T16:59:10.110+08:00
rid_313,resident_name_313,S000313L,90000313,2021-04-01T16:59:10.112+08:00
rid_314,resident_name_314,F000314O,90000314,2021-04-01T16:59:10.114+08:00
rid_315,resident_name_315,S000315B,90000315,2021-04-01T16:59:10.116+08:00
rid_316,resident_name_316,S000316Q,80000316,2021-04-01T16:59:10.119+08:00
rid_317,resident_name_317,F000317F,90000317,2021-04-01T16:59:10.121+08:00
rid_318,resident_name_318,S000318P,80000318,2021-04-01T16:59:10.123+08:00
rid_319,resident_name_319,S000319R,90000319,2021-04-01T16:59:10.125+08:00
rid_320,resident_name_320,S000320X,80000320,2021-04-01T16:59:10.127+08:00
rid_321,resident_name_321,S000321Q,80000321,2021-04-01T16:59:10.129+08:00
rid_322,resident_name_322,F000322D,90000322,2021-04-01T16:59:10.131+08:00
rid_323,resident_name_323,F000323Z,90000323,2021-04-01T16:59:10.133+08:00
rid_324,resident_name_324,S000324W,80000324,2021-04-01T16:59:10.136+08:00
rid_325,resident_name_325,F000325V,90000325,2021-04-01T16:59:10.138+08:00
rid_326,resident_name_326,F000326Z,90000326,2021-04-01T16:59:10.140+08:00
rid_327,resident_name_327,F000327T,90000327,2021-04-01T16:59:10.142+08:00
rid_328,resident_name_328,S000328X,90000328,2021-04-01T16:59:10.144+08:00
rid_329,resident_name_329,S000329A,80000329,2021-04-01T16:59:10.146+08:00
rid_330,resident_name_330,S000330Q,80000330,2021-04-01T16:59:10.148+08:00
rid_331,resident_name_331,F000331D,80000331,2021-04-01T16:59:10.150+08:00
rid_332,resident_name_332,F000332U,90000332,2021-04-01T16:59:10.152+08:00
rid_333,resident_name_333,F000333B,90000333,2021-04-01T16:59:10.155+08:00
rid_334,resident_name_334,S000334K,90000334,2021-04-01T16:59:10.157+08:00
rid_335,resident_name_335,F000335E,90000335,2021-04-01T16:59:10.159+08:00
rid_336,resident_name_336,F000336D,90000336,2021-04-01T16:59:10.161+08:00
rid_337,resident_name_337,S000337L,80000337,2021-04-01T16:59:10.163+08:00
rid_338,resident_name_338,F000338N,80000338,2021-04-01T16:59:10.165+08:00
rid_339,resident_name_339,F000339B,90000339,2021-04-01T16:59:10.167+08:00
rid_340,resident_name_340,S000340A,80000340,2021-04-01T16:59:10.169+08:00
rid_341,resident_name_341,S000341K,80000341,2021-04-01T16:59:10.172+08:00
rid_342,resident_name_342,S000342E,80000342,2021-04-01T16:59:10.174+08:00
rid_343,resident_name_343,S000343A,90000343,2021-04-01T16:59:10.176+08:00
rid_344,resident_name_344,S000344C,80000344,2021-04-01T16:59:10.178+08:00
rid_345,resident_name_345,S000345D,90000345,2021-04-01T16:59:10.180+08:00
rid_346,resident_name_346,F000346C,80000346,2021-04-01T16:59:10.182+08:00
rid_347,resident_name_347,F000347C,90000347,2021-04-01T16:59:10.184+08:00
rid_348,resident_name_348,S000348C,80000348,2021-04-01T16:59:10.186+08:00
rid_349,resident_name_349,F000349D,90000349,2021-04-01T16:59:10.189+08:00
rid_350,resident_name_350,F000350K,90000350,2021-04-01T16:59:10.191+08:00
rid_351,resident_name_351,F000351W,80000351,2021-04-01T16:59:10.193+08:00
rid_352,resident_name_352,F000352U,90000352,2021-04-01T16:59:10.195+08:00
rid_353,resident_name_353,S000353B,80000353,2021-04-01T16:59:10.197+08:00
rid_354,resident_name_354,F000354I,90000354,2021-04-01T16:59:10.199+08:00
rid_355,resident_name_355,S000355J,90000355,2021-04-01T16:59:10.201+08:00
rid_356,resident_name_356,S000356D,80000356,2021-04-01T16:59:10.204+08:00
rid_357,resident_name_357,F000357N,80000357,2021-04-01T16:59:10.206+08:00
rid_358,resident_name_358,S000358F,90000358,2021-04-01T16:59:10.208+08:00
rid_359,resident_name_359,S000359C,90000359,2021-04-01T16:59:10.210+08:00
rid_360,resident_name_360,F000360A,90000360,2021-04-01T16:59:10.212+08:00
rid_361,resident_name_361,S000361F,90000361,2021-04-01T16:59:10.214+08:00
rid_362,resident_name_362,F000362Q,80000362,2021-04-01T16:59:10.216+08:00
rid_363,resident_name_363,F000363U,80000363,2021-04-01T16:59:10.218+08:00
rid_364,resident_name_364,S000364R,90000364,2021-04-01T16:59:10.220+08:00
rid_365,resident_name_365,S000365Q,90000365,2021-04-01T16:59:10.222+08:00
rid_366,resident_name_366,F000366G,90000366,2021-04-01T16:59:10.225+08:00
rid_367,resident_name_367,S000367E,80000367,2021-04-01T16:59:10.227+08:00
rid_368,resident_name_368,S000368C,80000368,2021-04-01T16:59:10.229+08:00
rid_369,resident_name_369,S000369M,90000369,2021-04-01T16:59:10.231+08:00
rid_370,resident_name_370,F000370I,80000370,2021-04-01T16:59:10.233+08:00
rid_371,resident_name_371,F000371P,90000371,2021-04-01T16:59:10.235+08:00
rid_372,resident_name_372,S000372H,80000372,2021-04-01T16:59:10.237+08:00
rid_373,resident_name_373,F000373F,90000373,2021-04-01T16:59:10.239+08:00
rid_374,resident_name_374,F000374W,90000374,2021-04-01T16:59:10.241+08:00
rid_375,resident_name_375,F000375G,80000375,2021-04-01T16:59:10.243+08:00
rid_376,resident_name_376,S000376S,90000376,2021-04-01T16:59:10.246+08:00
rid_377,resident_name_377,F000377B,80000377,2021-04-01T16:59:10.248+08:00
rid_378,resident_name_378,F000378X,90000378,2021-04-01T16:59:10.250+08:00
rid_379,resident_name_379,F000379B,80000379,2021-04-01T16:59:10.252+08:00
rid_380,resident_name_380,S000380Z,90000380,2021-04-01T16:59:10.254+08:00
rid_381,resident_name_381,S000381T,80000381,2021-04-01T16:59:10.256+08:00
rid_382,resident_name_382,F000382D,90000382,2021-04-01T16:59:10.258+08:00
rid_383,resident_name_383,S000383B,80000383,2021-04-01T16:59:10.260+08:00
rid_384,resident_name_384,S000384A,90000384,2021-04-01T16:59:10.262+08:00
rid_385,resident_name_385,F000385U,80000385,2021-04-01T16:59:10.265+08:00
rid_386,resident_name_386,S000386C,80000386,2021-04-01T16:59:10.267+08:00
rid_387,resident_name_387,S000387F,80000387,2021-04-01T16:59:10.269+08:00
rid_388,resident_name_388,F000388C,90000388,2021-04-01T16:59:10.271+08:00
rid_389,resident_name_389,S000389O,90000389,2021-04-01T16:59:10.273+08:00
rid_390,resident_name_390,S000390J,80000390,2021-04-01T16:59:10.275+08:00
rid_391,resident_name_391,F000391P,90000391,2021-04-01T16:59:10.277+08:00
rid_392,resident_name_392,S000392P,80000392,2021-04-01T16:59:10.279+08:00
rid_393,resident_name_393,F000393O,90000393,2021-04-01T16:59:10.281+08:00
rid_394,resident_name_394,S000394N,90000394,2021-04-01T16:59:10.283+08:00
rid_395,resident_name_395,F000395M,90000395,2021-04-01T16:59:10.286+08:00
rid_396,resident_name_396,F000396Y,80000396,2021-04-01T16:59:10.288+08:00
rid_397,resident_name_397,F000397W,90000397,2021-04-01T16:59:10.290+08:00
rid_398,resident_name_398,S000398E,80000398,2021-04-01T16:59:10.292+08:00
rid_399,resident_name_399,S000399X,80000399,2021-04-01T16:59:10.294+08:00
rid_400,resident_name_400,S000400M,90000400,2021-04-01T16:59:10.296+08:00
rid_401,resident_name_401,S000401U,90000401,2021-04-01T16:59:10.298+08:00
rid_402,resident_name_402,S000402V,90000402,2021-04-01T16:59:10.301+08:00
rid_403,resident_name_403,S000403I,90000403,2021-04-01T16:59:10.303+08:00
rid_404,resident_name_404,S000404J,90000404,2021-04-01T16:59:10.305+08:00
rid_405,resident_name_405,F000405I,90000405,2021-04-01T16:59:10.307+08:00
rid_406,resident_name_406,F000406S,90000406,2021-04-01T16:59:10.309+08:00
rid_407,resident_name_407,F000407S,90000407,2021-04-01T16:59:10.311+08:00
rid_408,resident_name_408,F000408X,80000408,2021-04-01T16:59:10.313+08:00
rid_409,resident_name_409,S000409K,80000409,2021-04-01T16:59:10.315+08:00
rid_410,resident_name_410,S000410E,90000410,2021-04-01T16:59:10.317+08:00
rid_411,resident_name_411,F000411J,90000411,2021-04-01T16:59:10.319+08:00
rid_412,resident_name_412,S000412H,90000412,2021-04-01T16:59:10.322+08:00
rid_413,resident_name_413,F000413S,90000413,2021-04-01T16:59:10.324+08:00
rid_414,resident_name_414,F000414F,90000414,2021-04-01T16:59:10.326+08:00
rid_415,resident_name_415,F000415B,80000415,2021-04-01T16:59:10.328+08:00
rid_416,resident_name_416,F000416N,90000416,2021-04-01T16:59:10.330+08:00
rid_417,resident_name_417,F000417R,80000417,2021-04-01T16:59:10.332+08:00
rid_418,resident_name_418,F000418Z,80000418,2021-04-01T16:59:10.334+08:00
rid_419,resident_name_419,F000419J,90000419,2021-04-01T16:59:10.337+08:00
rid_420,resident_name_420,F000420P,80000420,2021-04-01T16:59:10.339+08:00
rid_421,resident_name_421,S000421Z,80000421,2021-04-01T16:59:10.341+08:00
rid_422,resident_name_422,F000422S,90000422,2021-04-01T16:59:10.343+08:00
rid_423,resident_name_423,S000423H,80000423,2021-04-01T16:59:10.345+08:00
rid_424,resident_name_424,F000424C,90000424,2021-04-01T16:59:10.347+08:00
rid_425,resident_name_425,S000425K,80000425,2021-04-01T16:59:10.349+08:00
rid_426,resident_name_426,F000426F,90000426,2021-04-01T16:59:10.352+08:00
rid_427,resident_name_427,S000427P,80000427,2021-04-01T16:59:10.354+08:00
rid_428,resident_name_428,S000428P,90000428,2021-04-01T16:59:10.356+08:00
rid_429,resident_name_429,F000429R,80000429,2021-04-01T16:59:10.358+08:00
rid_430,resident_name_430,S000430W,90000430,2021-04-01T16:59:10.360+08:00
rid_431,resident_name_431,S000431T,80000431,2021-04-01T16:59:10.362+08:00
rid_432,resident_name_432,F000432P,80000432,2021-04-01T16:59:10.364+08:00
rid_433,resident_name_433,F000433I,80000433,2021-04-01T16:59:10.367+08:00
rid_434,resident_name_434,S000434Y,80000434,2021-04-01T16:59:10.369+08:00
rid_435,resident_name_435,S000435O,90000435,2021-04-01T16:59:10.371+08:00
rid_436,resident_name_436,F000436L,80000436,2021-04-01T16:59:10.373+08:00
rid_437,resident_name_437,F000437J,90000437,2021-04-01T16:59:10.375+08:00
rid_438,resident_name_438,F000438S,90000438,2021-04-01T16:59:10.377+08:00
rid_439,resident_name_439,S000439Y,80000439,2021-04-01T16:59:10.379+08:00
rid_440,resident_name_440,F000440F,80000440,2021-04-01T16:59:10.381+08:00
rid_441,resident_name_441,S000441Z,80000441,2021-04-01T16:59:10.384+08:00
rid_442,resident_name_442,F000442Y,90000442,2021-04-01T16:59:10.386+08:00
rid_443,resident_name_443,F000443D,90000443,2021-04-01T16:59:10.388+08:00
rid_444,resident_name_444,S000444X,80000444,2021-04-01T16:59:10.390+08:00
rid_445,resident_name_445,F000445D,80000445,2021-04-01T16:59:10.392+08:00
rid_446,resident_name_446,F000446O,90000446,2021-04-01T16:59:10.394+08:00
rid_447,resident_name_447,S000447P,90000447,2021-04-01T16:59:10.397+08:00
rid_448,resident_name_448,S000448O,90000448,2021-04-01T16:59:10.399+08:00
rid_449,resident_name_449,F000449K,80000449,2021-04-01T16:59:10.401+08:00
rid_450,resident_name_450,S000450I,90000450,2021-04-01T16:59:10.404+08:00
rid_451,resident_name_451,S000451I,90000451,2021-04-01T16:59:10.406+08:00
rid_452,resident_name_452,S000452E,80000452,2021-04-01T16:59:10.408+08:00
rid_453,resident_name_453,F000453X,80000453,2021-04-01T16:59:10.410+08:00
rid_454,resident_name_454,F000454J,90000454,2021-04-01T16:59:10.412+08:00
rid_455,resident_name_455,S000455I,90000455,2021-04-01T16:59:10.414+08:00
rid_456,resident_name_456,S000456T,80000456,2021-04-01T16:59:10.416+08:00
rid_457,resident_name_457,S000457A,90000457,2021-04-01T16:59:10.418+08:00
rid_458,resident_name_458,F000458H,90000458,2021-04-01T16:59:10.420+08:00
rid_459,resident_name_459,S000459W,80000459,2021-04-01T16:59:10.422+08:00
rid_460,resident_name_460,S000460W,80000460,2021-04-01T16:59:10.425+08:00
rid_461,resident_name_461,S000461Y,90000461,2021-04-01T16:59:10.427+08:00
rid_462,resident_name_462,F000462G,80000462,2021-04-01T16:59:10.429+08:00
rid_463,resident_name_463,S000463B,90000463,2021-04-01T16:59:10.431+08:00
rid_464,resident_name_464,F000464N,80000464,2021-04-01T16:59:10.433+08:00
rid_465,resident_name_465,S000465R,80000465,2021-04-01T16:59:10.435+08:00
rid_466,resident_name_466,F000466G,90000466,2021-04-01T16:59:10.437+08:00
rid_467,resident_name_467,F000467H,90000467,2021-04-01T16:59:10.439+08:00
rid_468,resident_name_468,F000468U,80000468,2021-04-01T16:59:10.442+08:00
rid_469,resident_name_469,F000469O,80000469,2021-04-01T16:59:10.444+08:00
rid_470,resident_name_470,S000470V,90000470,2021-04-01T16:59:10.446+08:00
rid_471,resident_name_471,S000471B,80000471,2021-04-01T16:59:10.448+08:00
rid_472,resident_name_472,S000472H,80000472,2021-04-01T16:59:10.450+08:00
rid_473,resident_name_473,F000473H,80000473,2021-04-01T16:59:10.452+08:00
rid_474,resident_name_474,F000474O,80000474,2021-04-01T16:59:10.454+08:00
rid_475,resident_name_475,F000475I,80000475,2021-04-01T16:59:10.456+08:00
rid_476,resident_name_476,F000476X,80000476,2021-04-01T16:59:10.458+08:00
rid_477,resident_name_477,S000477F,80000477,2021-04-01T16:59:10.460+08:00
rid_478,resident_name_478,F000478O,90000478,2021-04-01T16:59:10.463+08:00
rid_479,resident_name_479,S000479L,80000479,2021-04-01T16:59:10.465+08:00
rid_480,resident_name_480,S000480Q,90000480,2021-04-01T16:59:10.467+08:00
rid_481,resident_name_481,S000481F,80000481,2021-04-01T16:59:10.469+08:00
rid_482,resident_name_482,S000482O,80000482,2021-04-01T16:59:10.471+08:00
rid_483,resident_name_483,S000483X,80000483,2021-04-01T16:59:10.473+08:00
rid_484,resident_name_484,F000484T,90000484,2021-04-01T16:59:10.475+08:00
rid_485,resident_name_485,F000485E,90000485,2021-04-01T16:59:10.477+08:00
rid_486,resident_name_486,F000486Z,80000486,2021-04-01T16:59:10.480+08:00
rid_487,resident_name_487,F000487X,90000487,2021-04-01T16:59:10.482+08:00
rid_488,resident_name_488,S000488V,80000488,2021-04-01T16:59:10.484+08:00
rid_489,resident_name_489,F000489V,90000489,2021-04-01T16:59:10.486+08:00
rid_490,resident_name_490,F000490R,80000490,2021-04-01T16:59:10.488+08:00
rid_491,resident_name_491,F000491M,80000491,2021-04-01T16:59:10.490+08:00
rid_492,resident_name_492,S000492Z,80000492,2021-04-01T16:59:10.492+08:00
rid_493,resident_name_493,F000493E,80000493,2021-04-01T16:59:10.494+08:00
rid_494,resident_name_494,S000494E,80000494,2021-04-01T16:59:10.496+08:00
rid_495,resident_name_495,F000495U,80000495,2021-04-01T16:59:10.498+08:00
rid_496,resident_name_496,F000496F,90000496,2021-04-01T16:59:10.501+08:00
rid_497,resident_name_497,F000497M,80000497,2021-04-01T16:59:10.503+08:00
rid_498,resident_name_498,S000498Z,80000498,2021-04-01T16:59:10.505+08:00
rid_499,resident_name_499,S000499R,90000499,2021-04-01T16:59:10.507+08:00
rid_500,resident_name_500,F000500F,90000500,2021-04-01T16:59:10.509+08:00
rid_501,resident_name_501,F000501S,80000501,2021-04-01T16:59:10.511+08:00
rid_502,resident_name_502,F000502L,90000502,2021-04-01T16:59:10.513+08:00
rid_503,resident_name_503,F000503S,90000503,2021-04-01T16:59:10.515+08:00
rid_504,resident_name_504,F000504W,80000504,2021-04-01T16:59:10.517+08:00
rid_505,resident_name_505,S000505D,90000505,2021-04-01T16:59:10.520+08:00
rid_506,resident_name_506,F000506B,80000506,2021-04-01T16:59:10.522+08:00
rid_507,resident_name_507,S000507S,90000507,2021-04-01T16:59:10.524+08:00
rid_508,resident_name_508,F000508T,90000508,2021-04-01T16:59:10.526+08:00
rid_509,resident_name_509,S000509R,90000509,2021-04-01T16:59:10.528+08:00
rid_510,resident_name_510,F000510F,80000510,2021-04-01T16:59:10.530+08:00
rid_511,resident_name_511,F000511Z,80000511,2021-04-01T16:59:10.532+08:00
rid_512,resident_name_512,F000512V,90000512,2021-04-01T16:59:10.534+08:00
rid_513,resident_name_513,S000513V,90000513,2021-04-01T16:59:10.536+08:00
rid_514,resident_name_514,S000514Y,90000514,2021-04-01T16:59:10.538+08:00
rid_515,resident_name_515,F000515N,80000515,2021-04-01T16:59:10.541+08:00
rid_516,resident_name_516,F000516S,80000516,2021-04-01T16:59:10.543+08:00
rid_517,resident_name_517,S000517J,90000517,2021-04-01T16:59:10.545+08:00
rid_518,resident_name_518,S000518Q,80000518,2021-04-01T16:59:10.547+08:00
rid_519,resident_name_519,S000519H,90000519,2021-04-01T16:59:10.549+08:00
rid_520,resident_name_520,S000520J,80000520,2021-04-01T16:59:10.551+08:00
rid_521,resident_name_521,F000521H,80000521,2021-04-01T16:59:10.553+08:00
rid_522,resident_name_522,S000522I,90000522,2021-04-01T16:59:10.555+08:00
rid_523,resident_name_523,S000523U,90000523,2021-04-01T16:59:10.557+08:00
rid_524,resident_name_524,S000524O,80000524,2021-04-01T16:59:10.559+08:00
rid_525,resident_name_525,F000525Q,90000525,2021-04-01T16:59:10.562+08:00
rid_526,resident_name_526,S000526Y,80000526,2021-04-01T16:59:10.564+08:00
rid_527,resident_name_527,S000527I,80000527,2021-04-01T16:59:10.566+08:00
rid_528,resident_name_528,F000528W,80000528,2021-04-01T16:59:10.568+08:00
rid_529,resident_name_529,S000529N,80000529,2021-04-01T16:59:10.570+08:00
rid_530,resident_name_530,F000530B,90000530,2021-04-01T16:59:10.572+08:00
rid_531,resident_name_531,S000531C,80000531,2021-04-01T16:59:10.574+08:00
rid_532,resident_name_532,F000532D,80000532,2021-04-01T16:59:10.576+08:00
rid_533,resident_name_533,S000533S,90000533,2021-04-01T16:59:10.578+08:00
rid_534,resident_name_534,F000534Q,90000534,2021-04-01T16:59:10.580+08:00
rid_535,resident_name_535,S000535J,90000535,2021-04-01T16:59:10.582+08:00
rid_536,resident_name_536,F000536W,90000536,2021-04-01T16:59:10.585+08:00
rid_537,resident_name_537,S000537J,90000537,2021-04-01T16:59:10.587+08:00
rid_538,resident_name_538,S000538F,80000538,2021-04-01T16:59:10.589+08:00
rid_539,resident_name_539,F000539K,80000539,2021-04-01T16:59:10.591+08:00
rid_540,resident_name_540,F000540I,80000540,2021-04-01T16:59:10.593+08:00
rid_541,resident_name_541,F000541C,80000541,2021-04-01T16:59:10.595+08:00
rid_542,resident_name_542,S000542V,90000542,2021-04-01T16:59:10.597+08:00
rid_543,resident_name_543,F000543K,80000543,2021-04-01T16:59:10.599+08:00
rid_544,resident_name_544,S000544W,80000544,2021-04-01T16:59:10.601+08:00
rid_545,resident_name_545,S000545R,80000545,2021-04-01T16:59:10.603+08:00
rid_546,resident_name_546,S000546X,80000546,2021-04-01T16:59:10.605+08:00
rid_547,resident_name_547,F000547T,80000547,2021-04-01T16:59:10.608+08:00
rid_548,resident_name_548,S000548C,80000548,2021-04-01T16:59:10.610+08:00
rid_549,resident_name_549,S000549R,80000549,2021-04-01T16:59:10.612+08:00
rid_550,resident_name_550,F000550S,90000550,2021-04-01T16:59:10.614+08:00
rid_551,resident_name_551,F000551A,90000551,2021-04-01T16:59:10.616+08:00
rid_552,resident_name_552,F000552Z,90000552,2021-04-01T16:59:10.618+08:00
rid_553,resident_name_553,F000553K,80000553,2021-04-01T16:59:10.620+08:00
rid_554,resident_name_554,F000554B,80000554,2021-04-01T16:59:10.622+08:00
rid_555,resident_name_555,S000555I,90000555,2021-04-01T16:59:10.625+08:00
rid_556,resident_name_556,F000556K,80000556,2021-04-01T16:59:10.627+08:00
rid_557,resident_name_557,S000557Q,80000557,2021-04-01T16:59:10.629+08:00
rid_558,resident_name_558,F000558J,90000558,2021-04-01T16:59:10.631+08:00
rid_559,resident_name_559,S000559G,80000559,2021-04-01T16:59:10.633+08:00
rid_560,resident_name_560,S000560J,90000560,2021-04-01T16:59:10.635+08:00
rid_561,resident_name_561,F000561N,80000561,2021-04-01T16:59:10.637+08:00
rid_562,resident_name_562,S000562S,90000562,2021-04-01T16:59:10.639+08:00
rid_563,resident_name_563,F000563N,80000563,2021-04-01T16:59:10.641+08:00
rid_564,resident_name_564,F000564P,80000564,2021-04-01T16:59:10.644+08:00
rid_565,resident_name_565,F000565P,80000565,2021-04-01T16:59:10.646+08:00
rid_566,resident_name_566,S000566P,90000566,2021-04-01T16:59:10.648+08:00
rid_567,resident_name_567,F000567H,80000567,2021-04-01T16:59:10.650+08:00
rid_568,resident_name_568,F000568I,80000568,2021-04-01T16:59:10.652+08:00
rid_569,resident_name_569,F000569G,80000569,2021-04-01T16:59:10.654+08:00
rid_570,resident_name_570,F000570D,80000570,2021-04-01T16:59:10.656+08:00
rid_571,resident_name_571,S000571O,90000571,2021-04-01T16:59:10.658+08:00
rid_572,resident_name_572,F000572G,80000572,2021-04-01T16:59:10.660+08:00
rid_573,resident_name_573,F000573D,90000573,2021-04-01T16:59:10.662+08:00
rid_574,resident_name_574,S000574I,90000574,2021-04-01T16:59:10.664+08:00
rid_575,resident_name_575,S000575L,80000575,2021-04-01T16:59:10.667+08:00
rid_576,resident_name_576,S000576P,80000576,2021-04-01T16:59:10.669+08:00
rid_577,resident_name_577,S000577V,90000577,2021-04-01T16:59:10.671+08:00
rid_578,resident_name_578,S000578E,90000578,2021-04-01T16:59:10.673+08:00
rid_579,resident_name_579,F000579H,90000579,2021-04-01T16:59:10.675+08:00
rid_580,resident_name_580,F000580A,80000580,2021-04-01T16:59:10.677+08:00
rid_581,resident_name_581,F000581B,80000581,2021-04-01T16:59:10.680+08:00
rid_582,resident_name_582,F000582C,80000582,2021-04-01T16:59:10.682+08:00
rid_583,resident_name_583,F000583D,80000583,2021-04-01T16:59:10.684+08:00
rid_584,resident_name_584,F000584F,80000584,2021-04-01T16:59:10.686+08:00
rid_585,resident_name_585,F000585I,90000585,2021-04-01T16:59:10.688+08:00
rid_586,resident_name_586,F000586M,90000586,2021-04-01T16:59:10.691+08:00
rid_587,resident_name_587,F000587J,90000587,2021-04-01T16:59:10.693+08:00
rid_588,resident_name_588,F000588E,90000588,2021-04-01T16:59:10.695+08:00
rid_589,resident_name_589,S000589E,90000589,2021-04-01T16:59:10.697+08:00
rid_590,resident_name_590,F000590D,90000590,2021-04-01T16:59:10.699+08:00
rid_591,resident_name_591,S000591O,80000591,2021-04-01T16:59:10.701+08:00
rid_592,resident_name_592,S000592T,80000592,2021-04-01T16:59:10.703+08:00
rid_593,resident_name_593,S000593R,90000593,2021-04-01T16:59:10.705+08:00
rid_594,resident_name_594,F000594V,90000594,2021-04-01T16:59:10.707+08:00
rid_595,resident_name_595,F000595U,90000595,2021-04-01T16:59:10.709+08:00
rid_596,resident_name_596,F000596T,80000596,2021-04-01T16:59:10.712+08:00
rid_597,resident_name_597,F000597L,90000597,2021-04-01T16:59:10.714+08:00
rid_598,resident_name_598,S000598K,90000598,2021-04-01T16:59:10.716+08:00
rid_599,resident_name_599,F000599O,90000599,2021-04-01T16:59:10.718+08:00
rid_600,resident_name_600,F000600A,90000600,2021-04-01T16:59:10.720+08:00
rid_601,resident_name_601,S000601E,90000601,2021-04-01T16:59:10.722+08:00
rid_602,resident_name_602,S000602B,80000602,2021-04-01T16:59:10.724+08:00
rid_603,resident_name_603,F000603J,90000603,2021-04-01T16:59:10.726+08:00
rid_604,resident_name_604,S000604Z,90000604,2021-04-01T16:59:10.728+08:00
rid_605,resident_name_605,S000605X,80000605,2021-04-01T16:59:10.730+08:00
rid_606,resident_name_606,S000606X,90000606,2021-04-01T16:59:10.732+08:00
rid_607,resident_name_607,F000607U,80000607,2021-04-01T16:59:10.735+08:00
rid_608,resident_name_608,S000608W,80000608,2021-04-01T16:59:10.737+08:00
rid_609,resident_name_609,F000609L,90000609,2021-04-01T16:59:10.739+08:00
rid_610,resident_name_610,S000610Z,80000610,2021-04-01T16:59:10.741+08:00
rid_611,resident_name_611,F000611H,80000611,2021-04-01T16:59:10.743+08:00
rid_612,resident_name_612,F000612O,90000612,2021-04-01T16:59:10.745+08:00
rid_613,resident_name_613,F000613Y,90000613,2021-04-01T16:59:10.747+08:00
rid_614,resident_name_614,S000614X,80000614,2021-04-01T16:59:10.749+08:00
rid_615,resident_name_615,S000615R,90000615,2021-04-01T16:59:10.751+08:00
rid_616,resident_name_616,S000616M,90000616,2021-04-01T16:59:10.754+08:00
rid_617,resident_name_617,S000617H,80000617,2021-04-01T16:59:10.756+08:00
rid_618,resident_name_618,S000618Q,90000618,2021-04-01T16:59:10.758+08:00
rid_619,resident_name_619,S000619K,90000619,2021-04-01T16:59:10.760+08:00
rid_620,resident_name_620,F000620M,80000620,2021-04-01T16:59:10.762+08:00
rid_621,resident_name_621,S000621O,90000621,2021-04-01T16:59:10.764+08:00
rid_622,resident_name_622,S000622S,80000622,2021-04-01T16:59:10.766+08:00
rid_623,resident_name_623,S000623V,80000623,2021-04-01T16:59:10.768+08:00
rid_624,resident_name_624,F000624U,90000624,2021-04-01T16:59:10.770+08:00
rid_625,resident_name_625,F000625B,80000625,2021-04-01T16:59:10.773+08:00
rid_626,resident_name_626,S000626D,80000626,2021-04-01T16:59:10.775+08:00
rid_627,resident_name_627,S000627H,90000627,2021-04-01T16:59:10.777+08:00
rid_628,resident_name_628,F000628E,80000628,2021-04-01T16:59:10.779+08:00
rid_629,resident_name_629,F000629T,80000629,2021-04-01T16:59:10.781+08:00
rid_630,resident_name_630,S000630A,80000630,2021-04-01T16:59:10.783+08:00
rid_631,resident_name_631,F000631M,90000631,2021-04-01T16:59:10.785+08:00
rid_632,resident_name_632,S000632Y,80000632,2021-04-01T16:59:10.787+08:00
rid_633,resident_name_633,F000633K,90000633,2021-04-01T16:59:10.789+08:00
rid_634,resident_name_634,S000634U,80000634,2021-04-01T16:59:10.791+08:00
rid_635,resident_name_635,S000635I,80000635,2021-04-01T16:59:10.793+08:00
rid_636,resident_name_636,F000636C,80000636,2021-04-01T16:59:10.796+08:00
rid_637,resident_name_637,F000637U,80000637,2021-04-01T16:59:10.798+08:00
rid_638,resident_name_638,S000638B,80000638,2021-04-01T16:59:10.800+08:00
rid_639,resident_name_639,F000639T,90000639,2021-04-01T16:59:10.802+08:00
rid_640,resident_name_640,F000640G,80000640,2021-04-01T16:59:10.804+08:00
rid_641,resident_name_641,F000641M,90000641,2021-04-01T16:59:10.806+08:00
rid_642,resident_name_642,S000642U,90000642,2021-04-01T16:59:10.808+08:00
rid_643,resident_name_643,S000643W,80000643,2021-04-01T16:59:10.810+08:00
rid_644,resident_name_644,S000644D,90000644,2021-04-01T16:59:10.812+08:00
rid_645,resident_name_645,F000645P,80000645,2021-04-01T16:59:10.814+08:00
rid_646,resident_name_646,F000646H,90000646,2021-04-01T16:59:10.817+08:00
rid_647,resident_name_647,S000647K,80000647,2021-04-01T16:59:10.819+08:00
rid_648,resident_name_648,F000648V,90000648,2021-04-01T16:59:10.821+08:00
rid_649,resident_name_649,S000649N,80000649,2021-04-01T16:59:10.823+08:00
rid_650,resident_name_650,S000650F,90000650,2021-04-01T16:59:10.825+08:00
rid_651,resident_name_651,F000651D,90000651,2021-04-01T16:59:10.827+08:00
rid_652,resident_name_652,F000652D,80000652,2021-04-01T16:59:10.829+08:00
rid_653,resident_name_653,S000653Z,80000653,2021-04-01T16:59:10.831+08:00
rid_654,resident_name_654,F000654J,80000654,2021-04-01T16:59:10.833+08:00
rid_655,resident_name_655,S000655R,80000655,2021-04-01T16:59:10.835+08:00
rid_656,resident_name_656,F000656K,80000656,2021-04-01T16:59:10.837+08:00
rid_657,resident_name_657,S000657V,80000657,2021-04-01T16:59:10.839+08:00
rid_658,resident_name_658,S000658V,80000658,2021-04-01T16:59:10.842+08:00
rid_659,resident_name_659,F000659F,80000659,2021-04-01T16:59:10.844+08:00
rid_660,resident_name_660,F000660R,90000660,2021-04-01T16:59:10.846+08:00
rid_661,resident_name_661,F000661Z,90000661,2021-04-01T16:59:10.848+08:00
rid_662,resident_name_662,S000662M,80000662,2021-04-01T16:59:10.850+08:00
rid_663,resident_name_663,F000663V,90000663,2021-04-01T16:59:10.852+08:00
rid_664,resident_name_664,S000664B,90000664,2021-04-01T16:59:10.854+08:00
rid_665,resident_name_665,F000665D,80000665,2021-04-01T16:59:10.856+08:00
rid_666,resident_name_666,F000666B,90000666,2021-04-01T16:59:10.858+08:00
rid_667,resident_name_667,F000667J,80000667,2021-04-01T16:59:10.860+08:00
rid_668,resident_name_668,S000668J,90000668,2021-04-01T16:59:10.862+08:00
rid_669,resident_name_669,F000669P,80000669,2021-04-01T16:59:10.865+08:00
rid_670,resident_name_670,S000670P,90000670,2021-04-01T16:59:10.867+08:00
rid_671,resident_name_671,S000671Q,90000671,2021-04-01T16:59:10.869+08:00
rid_672,resident_name_672,F000672K,90000672,2021-04-01T16:59:10.871+08:00
rid_673,resident_name_673,S000673B,80000673,2021-04-01T16:59:10.873+08:00
rid_674,resident_name_674,F000674E,80000674,2021-04-01T16:59:10.875+08:00
rid_675,resident_name_675,S000675A,80000675,2021-04-01T16:59:10.877+08:00
rid_676,resident_name_676,F000676B,90000676,2021-04-01T16:59:10.879+08:00
rid_677,resident_name_677,S000677C,80000677,2021-04-01T16:59:10.881+08:00
rid_678,resident_name_678,F000678L,80000678,2021-04-01T16:59:10.883+08:00
rid_679,resident_name_679,F000679R,90000679,2021-04-01T16:59:10.885+08:00
rid_680,resident_name_680,S000680Q,80000680,2021-04-01T16:59:10.888+08:00
rid_681,resident_name_681,F000681Q,80000681,2021-04-01T16:59:10.890+08:00
rid_682,resident_name_682,S000682S,80000682,2021-04-01T16:59:10.892+08:00
rid_683,resident_name_683,F000683L,90000683,2021-04-01T16:59:10.894+08:00
rid_684,resident_name_684,F000684Y,90000684,2021-04-01T16:59:10.896+08:00
rid_685,resident_name_685,S000685Y,80000685,2021-04-01T16:59:10.898+08:00
rid_686,resident_name_686,S000686P,90000686,2021-04-01T16:59:10.900+08:00
rid_687,resident_name_687,S000687J,90000687,2021-04-01T16:59:10.902+08:00
rid_688,resident_name_688,S000688R,90000688,2021-04-01T16:59:10.905+08:00
rid_689,resident_name_689,F000689E,80000689,2021-04-01T16:59:10.907+08:00
rid_690,resident_name_690,S000690I,80000690,2021-04-01T16:59:10.909+08:00
rid_691,resident_name_691,F000691E,80000691,2021-04-01T16:59:10.911+08:00
rid_692,resident_name_692,F000692A,90000692,2021-04-01T16:59:10.913+08:00
rid_693,resident_name_693,F000693C,80000693,2021-04-01T16:59:10.915+08:00
rid_694,resident_name_694,S000694O,80000694,2021-04-01T16:59:10.917+08:00
rid_695,resident_name_695,F000695Z,80000695,2021-04-01T16:59:10.919+08:00
rid_696,resident_name_696,F000696I,80000696,2021-04-01T16:59:10.921+08:00
rid_697,resident_name_697,F000697V,80000697,2021-04-01T16:59:10.924+08:00
rid_698,resident_name_698,S000698N,90000698,2021-04-01T16:59:10.926+08:00
rid_699,resident_name_699,S000699J,90000699,2021-04-01T16:59:10.928+08:00
rid_700,resident_name_700,F000700H,90000700,2021-04-01T16:59:10.930+08:00
rid_701,resident_name_701,F000701E,90000701,2021-04-01T16:59:10.932+08:00
rid_702,resident_name_702,F000702C,90000702,2021-04-01T16:59:10.934+08:00
rid_703,resident_name_703,F000703B,80000703,2021-04-01T16:59:10.936+08:00
rid_704,resident_name_704,S000704Z,90000704,2021-04-01T16:59:10.939+08:00
rid_705,resident_name_705,S000705I,80000705,2021-04-01T16:59:10.941+08:00
rid_706,resident_name_706,F000706D,90000706,2021-04-01T16:59:10.943+08:00
rid_707,resident_name_707,F000707K,90000707,2021-04-01T16:59:10.945+08:00
rid_708,resident_name_708,S000708L,90000708,2021-04-01T16:59:10.947+08:00
rid_709,resident_name_709,S000709G,80000709,2021-04-01T16:59:10.949+08:00
rid_710,resident_name_710,S000710T,90000710,2021-04-01T16:59:10.951+08:00
rid_711,resident_name_711,S000711W,90000711,2021-04-01T16:59:10.953+08:00
rid_712,resident_name_712,F000712T,80000712,2021-04-01T16:59:10.956+08:00
rid_713,resident_name_713,F000713S,80000713,2021-04-01T16:59:10.958+08:00
rid_714,resident_name_714,F000714L,90000714,2021-04-01T16:59:10.960+08:00
rid_715,resident_name_715,S000715U,80000715,2021-04-01T16:59:10.962+08:00
rid_716,resident_name_716,F000716O,80000716,2021-04-01T16:59:10.964+08:00
rid_717,resident_name_717,F000717O,80000717,2021-04-01T16:59:10.966+08:00
rid_718,resident_name_718,F000718G,90000718,2021-04-01T16:59:10.968+08:00
rid_719,resident_name_719,F000719Z,80000719,2021-04-01T16:59:10.971+08:00
rid_720,resident_name_720,S000720T,90000720,2021-04-01T16:59:10.973+08:00
rid_721,resident_name_721,F000721R,90000721,2021-04-01T16:59:10.975+08:00
rid_722,resident_name_722,S000722H,80000722,2021-04-01T16:59:10.977+08:00
rid_723,resident_name_723,S000723E,90000723,2021-04-01T16:59:10.979+08:00
rid_724,resident_name_724,S000724O,80000724,2021-04-01T16:59:10.981+08:00
rid_725,resident_name_725,F000725C,90000725,2021-04-01T16:59:10.983+08:00
rid_726,resident_name_726,S000726P,80000726,2021-04-01T16:59:10.986+08:00
rid_727,resident_name_727,F000727E,90000727,2021-04-01T16:59:10.988+08:00
rid_728,resident_name_728,F000728H,80000728,2021-04-01T16:59:10.990+08:00
rid_729,resident_name_729,F000729M,90000729,2021-04-01T16:59:10.992+08:00
rid_730,resident_name_730,F000730K,80000730,2021-04-01T16:59:10.994+08:00
rid_731,resident_name_731,F000731O,80000731,2021-04-01T16:59:10.996+08:00
rid_732,resident_name_732,S000732R,80000732,2021-04-01T16:59:10.998+08:00
rid_733,resident_name_733,F000733Q,90000733,2021-04-01T16:59:11.001+08:00
rid_734,resident_name_734,F000734H,90000734,2021-04-01T16:59:11.003+08:00
rid_735,resident_name_735,S000735U,80000735,2021-04-01T16:59:11.005+08:00
rid_736,resident_name_736,S000736P,90000736,2021-04-01T16:59:11.007+08:00
rid_737,resident_name_737,F000737T,90000737,2021-04-01T16:59:11.009+08:00
rid_738,resident_name_738,F000738T,90000738,2021-04-01T16:59:11.011+08:00
rid_739,resident_name_739,F000739N,80000739,2021-04-01T16:59:11.013+08:00
rid_740,resident_name_740,F000740J,80000740,2021-04-01T16:59:11.015+08:00
rid_741,resident_name_741,S000741P,80000741,2021-04-01T16:59:11.017+08:00
rid_742,resident_name_742,F000742N,80000742,2021-04-01T16:59:11.019+08:00
rid_743,resident_name_743,S000743V,80000743,2021-04-01T16:59:11.022+08:00
rid_744,resident_name_744,F000744K,80000744,2021-04-01T16:59:11.024+08:00
rid_745,resident_name_745,F000745F,90000745,2021-04-01T16:59:11.026+08:00
rid_746,resident_name_746,F000746Q,90000746,2021-04-01T16:59:11.028+08:00
rid_747,resident_name_747,S000747A,90000747,2021-04-01T16:59:11.030+08:00
rid_748,resident_name_748,F000748O,90000748,2021-04-01T16:59:11.033+08:00
rid_749,resident_name_749,F000749F,90000749,2021-04-01T16:59:11.035+08:00
rid_750,resident_name_750,S000750O,80000750,2021-04-01T16:59:11.037+08:00
rid_751,resident_name_751,F000751A,80000751,2021-04-01T16:59:11.039+08:00
rid_752,resident_name_752,F000752M,80000752,2021-04-01T16:59:11.041+08:00
rid_753,resident_name_753,F000753G,90000753,2021-04-01T16:59:11.043+08:00
rid_754,resident_name_754,F000754R,90000754,2021-04-01T16:59:11.045+08:00
rid_755,resident_name_755,S000755R,80000755,2021-04-01T16:59:11.047+08:00
rid_756,resident_name_756,F000756Y,90000756,2021-04-01T16:59:11.050+08:00
rid_757,resident_name_757,S000757X,80000757,2021-04-01T16:59:11.052+08:00
rid_758,resident_name_758,F000758Z,80000758,2021-04-01T16:59:11.054+08:00
rid_759,resident_name_759,F000759V,90000759,2021-04-01T16:59:11.056+08:00
rid_760,resident_name_760,S000760F,80000760,2021-04-01T16:59:11.058+08:00
rid_761,resident_name_761,S000761Q,80000761,2021-04-01T16:59:11.060+08:00
rid_762,resident_name_762,S000762J,90000762,2021-04-01T16:59:11.062+08:00
rid_763,resident_name_763,F000763M,80000763,2021-04-01T16:59:11.065+08:00
rid_764,resident_name_764,S000764U,80000764,2021-04-01T16:59:11.067+08:00
rid_765,resident_name_765,F000765Q,80000765,2021-04-01T16:59:11.069+08:00
rid_766,resident_name_766,F000766Q,80000766,2021-04-01T16:59:11.071+08:00
rid_767,resident_name_767,F000767X,90000767,2021-04-01T16:59:11.073+08:00
rid_768,resident_name_768,S000768I,90000768,2021-04-01T16:59:11.075+08:00
rid_769,resident_name_769,F000769G,90000769,2021-04-01T16:59:11.077+08:00
rid_770,resident_name_770,F000770V,80000770,2021-04-01T16:59:11.079+08:00
rid_771,resident_name_771,S000771J,80000771,2021-04-01T16:59:11.082+08:00
rid_772,resident_name_772,S000772Q,90000772,2021-04-01T16:59:11.084+08:00
rid_773,resident_name_773,F000773F,90000773,2021-04-01T16:59:11.086+08:00
rid_774,resident_name_774,F000774V,80000774,2021-04-01T16:59:11.088+08:00
rid_775,resident_name_775,F000775Y,80000775,2021-04-01T16:59:11.090+08:00
rid_776,resident_name_776,F000776B,90000776,2021-04-01T16:59:11.092+08:00
rid_777,resident_name_777,S000777J,80000777,2021-04-01T16:59:11.094+08:00
rid_778,resident_name_778,F000778V,90000778,2021-04-01T16:59:11.096+08:00
rid_779,resident_name_779,F000779Q,90000779,2021-04-01T16:59:11.098+08:00
rid_780,resident_name_780,S000780U,80000780,2021-04-01T16:59:11.101+08:00
rid_781,resident_name_781,S000781B,80000781,2021-04-01T16:59:11.103+08:00
rid_782,resident_name_782,F000782D,80000782,2021-04-01T16:59:11.105+08:00
rid_783,resident_name_783,S000783D,90000783,2021-04-01T16:59:11.107+08:00
rid_784,resident_name_784,S000784X,90000784,2021-04-01T16:59:11.109+08:00
rid_785,resident_name_785,F000785B,90000785,2021-04-01T16:59:11.111+08:00
rid_786,resident_name_786,S000786C,80000786,2021-04-01T16:59:11.113+08:00
rid_787,resident_name_787,S000787Q,80000787,2021-04-01T16:59:11.115+08:00
rid_788,resident_name_788,S000788R,80000788,2021-04-01T16:59:11.118+08:00
rid_789,resident_name_789,S000789K,80000789,2021-04-01T16:59:11.120+08:00
rid_790,resident_name_790,F000790N,90000790,2021-04-01T16:59:11.122+08:00
rid_791,resident_name_791,F000791R,90000791,2021-04-01T16:59:11.124+08:00
rid_792,resident_name_792,S000792N,80000792,2021-04-01T16:59:11.126+08:00
rid_793,resident_name_793,S000793T,90000793,2021-04-01T16:59:11.128+08:00
rid_794,resident_name_794,S000794Q,80000794,2021-04-01T16:59:11.130+08:00
rid_795,resident_name_795,F000795M,80000795,2021-04-01T16:59:11.132+08:00
rid_796,resident_name_796,S000796Z,80000796,2021-04-01T16:59:11.135+08:00
rid_797,resident_name_797,S000797J,80000797,2021-04-01T16:59:11.137+08:00
rid_798,resident_name_798,S000798H,90000798,2021-04-01T16:59:11.139+08:00
rid_799,resident_name_799,S000799Z,90000799,2021-04-01T16:59:11.141+08:00
rid_800,resident_name_800,F000800A,90000800,2021-04-01T16:59:11.143+08:00
rid_801,resident_name_801,F000801V,90000801,2021-04-01T16:59:11.145+08:00
rid_802,resident_name_802,F000802A,90000802,2021-04-01T16:59:11.147+08:00
rid_803,resident_name_803,S000803A,80000803,2021-04-01T16:59:11.150+08:00
rid_804,resident_name_804,S000804J,90000804,2021-04-01T16:59:11.152+08:00
rid_805,resident_name_805,S000805C,90000805,2021-04-01T16:59:11.154+08:00
rid_806,resident_name_806,S000806B,90000806,2021-04-01T16:59:11.156+08:00
rid_807,resident_name_807,F000807F,90000807,2021-04-01T16:59:11.158+08:00
rid_808,resident_name_808,S000808Y,80000808,2021-04-01T16:59:11.160+08:00
rid_809,resident_name_809,S000809O,80000809,2021-04-01T16:59:11.163+08:00
rid_810,resident_name_810,S000810B,90000810,2021-04-01T16:59:11.165+08:00
rid_811,resident_name_811,F000811K,90000811,2021-04-01T16:59:11.167+08:00
rid_812,resident_name_812,F000812T,90000812,2021-04-01T16:59:11.169+08:00
rid_813,resident_name_813,F000813Y,80000813,2021-04-01T16:59:11.171+08:00
rid_814,resident_name_814,S000814H,90000814,2021-04-01T16:59:11.173+08:00
rid_815,resident_name_815,S000815D,80000815,2021-04-01T16:59:11.175+08:00
rid_816,resident_name_816,F000816D,90000816,2021-04-01T16:59:11.177+08:00
rid_817,resident_name_817,F000817U,90000817,2021-04-01T16:59:11.180+08:00
rid_818,resident_name_818,F000818W,80000818,2021-04-01T16:59:11.182+08:00
rid_819,resident_name_819,F000819G,90000819,2021-04-01T16:59:11.184+08:00
rid_820,resident_name_820,F000820W,90000820,2021-04-01T16:59:11.186+08:00
rid_821,resident_name_821,S000821U,90000821,2021-04-01T16:59:11.188+08:00
rid_822,resident_name_822,F000822M,80000822,2021-04-01T16:59:11.190+08:00
rid_823,resident_name_823,S000823D,80000823,2021-04-01T16:59:11.192+08:00
rid_824,resident_name_824,F000824K,90000824,2021-04-01T16:59:11.194+08:00
rid_825,resident_name_825,F000825R,80000825,2021-04-01T16:59:11.197+08:00
rid_826,resident_name_826,F000826Z,90000826,2021-04-01T16:59:11.199+08:00
rid_827,resident_name_827,S000827D,90000827,2021-04-01T16:59:11.201+08:00
rid_828,resident_name_828,S000828W,90000828,2021-04-01T16:59:11.203+08:00
rid_829,resident_name_829,S000829D,80000829,2021-04-01T16:59:11.205+08:00
rid_830,resident_name_830,S000830G,90000830,2021-04-01T16:59:11.207+08:00
rid_831,resident_name_831,S000831Q,90000831,2021-04-01T16:59:11.209+08:00
rid_832,resident_name_832,F000832H,80000832,2021-04-01T16:59:11.212+08:00
rid_833,resident_name_833,F000833L,90000833,2021-04-01T16:59:11.214+08:00
rid_834,resident_name_834,S000834C,80000834,2021-04-01T16:59:11.216+08:00
rid_835,resident_name_835,S000835G,90000835,2021-04-01T16:59:11.218+08:00
rid_836,resident_name_836,F000836B,80000836,2021-04-01T16:59:11.220+08:00
rid_837,resident_name_837,F000837D,90000837,2021-04-01T16:59:11.222+08:00
rid_838,resident_name_838,F000838E,90000838,2021-04-01T16:59:11.224+08:00
rid_839,resident_name_839,S000839Q,90000839,2021-04-01T16:59:11.226+08:00
rid_840,resident_name_840,S000840F,80000840,2021-04-01T16:59:11.228+08:00
rid_841,resident_name_841,F000841K,80000841,2021-04-01T16:59:11.231+08:00
rid_842,resident_name_842,S000842M,80000842,2021-04-01T16:59:11.233+08:00
rid_843,resident_name_843,F000843H,90000843,2021-04-01T16:59:11.235+08:00
rid_844,resident_name_844,S000844C,80000844,2021-04-01T16:59:11.237+08:00
rid_845,resident_name_845,S000845S,90000845,2021-04-01T16:59:11.239+08:00
rid_846,resident_name_846,S000846X,90000846,2021-04-01T16:59:11.241+08:00
rid_847,resident_name_847,F000847H,80000847,2021-04-01T16:59:11.243+08:00
rid_848,resident_name_848,F000848P,80000848,2021-04-01T16:59:11.245+08:00
rid_849,resident_name_849,S000849F,80000849,2021-04-01T16:59:11.248+08:00
rid_850,resident_name_850,S000850J,80000850,2021-04-01T16:59:11.250+08:00
rid_851,resident_name_851,S000851J,80000851,2021-04-01T16:59:11.252+08:00
rid_852,resident_name_852,S000852J,80000852,2021-04-01T16:59:11.254+08:00
rid_853,resident_name_853,F000853D,90000853,2021-04-01T16:59:11.256+08:00
rid_854,resident_name_854,F000854O,80000854,2021-04-01T16:59:11.258+08:00
rid_855,resident_name_855,F000855A,90000855,2021-04-01T16:59:11.260+08:00
rid_856,resident_name_856,S000856H,80000856,2021-04-01T16:59:11.262+08:00
rid_857,resident_name_857,F000857N,80000857,2021-04-01T16:59:11.264+08:00
rid_858,resident_name_858,S000858J,80000858,2021-04-01T16:59:11.267+08:00
rid_859,resident_name_859,S000859U,90000859,2021-04-01T16:59:11.269+08:00
rid_860,resident_name_860,F000860Y,90000860,2021-04-01T16:59:11.271+08:00
rid_861,resident_name_861,S000861P,80000861,2021-04-01T16:59:11.273+08:00
rid_862,resident_name_862,F000862B,80000862,2021-04-01T16:59:11.275+08:00
rid_863,resident_name_863,F000863H,90000863,2021-04-01T16:59:11.277+08:00
rid_864,resident_name_864,F000864P,90000864,2021-04-01T16:59:11.279+08:00
rid_865,resident_name_865,F000865W,80000865,2021-04-01T16:59:11.281+08:00
rid_866,resident_name_866,F000866K,80000866,2021-04-01T16:59:11.283+08:00
rid_867,resident_name_867,F000867K,80000867,2021-04-01T16:59:11.285+08:00
rid_868,resident_name_868,S000868B,80000868,2021-04-01T16:59:11.287+08:00
rid_869,resident_name_869,F000869F,90000869,2021-04-01T16:59:11.290+08:00
rid_870,resident_name_870,S000870I,90000870,2021-04-01T16:59:11.292+08:00
rid_871,resident_name_871,S000871F,80000871,2021-04-01T16:59:11.294+08:00
rid_872,resident_name_872,S000872A,80000872,2021-04-01T16:59:11.296+08:00
rid_873,resident_name_873,F000873Z,90000873,2021-04-01T16:59:11.298+08:00
rid_874,resident_name_874,F000874G,90000874,2021-04-01T16:59:11.300+08:00
rid_875,resident_name_875,S000875K,90000875,2021-04-01T16:59:11.302+08:00
rid_876,resident_name_876,F000876Y,90000876,2021-04-01T16:59:11.304+08:00
rid_877,resident_name_877,F000877A,90000877,2021-04-01T16:59:11.306+08:00
rid_878,resident_name_878,S000878I,80000878,2021-04-01T16:59:11.309+08:00
rid_879,resident_name_879,F000879O,80000879,2021-04-01T16:59:11.311+08:00
rid_880,resident_name_880,F000880U,80000880,2021-04-01T16:59:11.313+08:00
rid_881,resident_name_881,S000881I,80000881,2021-04-01T16:59:11.315+08:00
rid_882,resident_name_882,S000882N,90000882,2021-04-01T16:59:11.317+08:00
rid_883,resident_name_883,F000883W,80000883,2021-04-01T16:59:11.319+08:00
rid_884,resident_name_884,F000884Y,80000884,2021-04-01T16:59:11.321+08:00
rid_885,resident_name_885,F000885M,90000885,2021-04-01T16:59:11.323+08:00
rid_886,resident_name_886,F000886S,90000886,2021-04-01T16:59:11.325+08:00
rid_887,resident_name_887,F000887Q,80000887,2021-04-01T16:59:11.327+08:00
rid_888,resident_name_888,F000888P,90000888,2021-04-01T16:59:11.329+08:00
rid_889,resident_name_889,F000889E,90000889,2021-04-01T16:59:11.332+08:00
rid_890,resident_name_890,S000890D,80000890,2021-04-01T16:59:11.334+08:00
rid_891,resident_name_891,F000891Q,80000891,2021-04-01T16:59:11.336+08:00
rid_892,resident_name_892,F000892M,80000892,2021-04-01T16:59:11.338+08:00
rid_893,resident_name_893,S000893Q,80000893,2021-04-01T16:59:11.340+08:00
rid_894,resident_name_894,F000894F,90000894,2021-04-01T16:59:11.342+08:00
rid_895,resident_name_895,F000895S,90000895,2021-04-01T16:59:11.344+08:00
rid_896,resident_name_896,S000896L,80000896,2021-04-01T16:59:11.346+08:00
rid_897,resident_name_897,F000897E,90000897,2021-04-01T16:59:11.348+08:00
rid_898,resident_name_898,F000898U,80000898,2021-04-01T16:59:11.350+08:00
rid_899,resident_name_899,F000899C,90000899,2021-04-01T16:59:11.353+08:00
rid_900,resident_name_900,F000900N,90000900,2021-04-01T16:59:11.355+08:00
rid_901,resident_name_901,F000901P,80000901,2021-04-01T16:59:11.357+08:00
rid_902,resident_name_902,F000902L,80000902,2021-04-01T16:59:11.359+08:00
rid_903,resident_name_903,S000903O,90000903,2021-04-01T16:59:11.361+08:00
rid_904,resident_name_904,S000904Z,90000904,2021-04-01T16:59:11.363+08:00
rid_905,resident_name_905,S000905V,90000905,2021-04-01T16:59:11.365+08:00
rid_906,resident_name_906,S000906L,80000906,2021-04-01T16:59:11.367+08:00
rid_907,resident_name_907,S000907H,80000907,2021-04-01T16:59:11.369+08:00
rid_908,resident_name_908,S000908P,80000908,2021-04-01T16:59:11.372+08:00
rid_909,resident_name_909,S000909M,80000909,2021-04-01T16:59:11.374+08:00
rid_910,resident_name_910,S000910T,90000910,2021-04-01T16:59:11.376+08:00
rid_911,resident_name_911,S000911T,90000911,2021-04-01T16:59:11.378+08:00
rid_912,resident_name_912,S000912S,90000912,2021-04-01T16:59:11.380+08:00
rid_913,resident_name_913,S000913M,80000913,2021-04-01T16:59:11.382+08:00
rid_914,resident_name_914,S000914E,90000914,2021-04-01T16:59:11.384+08:00
rid_915,resident_name_915,S000915Q,90000915,2021-04-01T16:59:11.387+08:00
rid_916,resident_name_916,S000916H,90000916,2021-04-01T16:59:11.389+08:00
rid_917,resident_name_917,S000917E,90000917,2021-04-01T16:59:11.391+08:00
rid_918,resident_name_918,S000918C,80000918,2021-04-01T16:59:11.393+08:00
rid_919,resident_name_919,F000919K,80000919,2021-04-01T16:59:11.395+08:00
rid_920,resident_name_920,S000920G,80000920,2021-04-01T16:59:11.397+08:00
rid_921,resident_name_921,F000921E,90000921,2021-04-01T16:59:11.400+08:00
rid_922,resident_name_922,S000922Z,90000922,2021-04-01T16:59:11.402+08:00
rid_923,resident_name_923,S000923W,80000923,2021-04-01T16:59:11.404+08:00
rid_924,resident_name_924,F000924H,90000924,2021-04-01T16:59:11.406+08:00
rid_925,resident_name_925,S000925M,80000925,2021-04-01T16:59:11.408+08:00
rid_926,resident_name_926,F000926O,90000926,2021-04-01T16:59:11.410+08:00
rid_927,resident_name_927,S000927V,90000927,2021-04-01T16:59:11.413+08:00
rid_928,resident_name_928,F000928T,80000928,2021-04-01T16:59:11.415+08:00
rid_929,resident_name_929,S000929D,80000929,2021-04-01T16:59:11.417+08:00
rid_930,resident_name_930,F000930T,90000930,2021-04-01T16:59:11.419+08:00
rid_931,resident_name_931,S000931T,90000931,2021-04-01T16:59:11.421+08:00
rid_932,resident_name_932,S000932X,90000932,2021-04-01T16:59:11.423+08:00
rid_933,resident_name_933,S000933Z,80000933,2021-04-01T16:59:11.425+08:00
rid_934,resident_name_934,S000934E,90000934,2021-04-01T16:59:11.427+08:00
rid_935,resident_name_935,F000935W,90000935,2021-04-01T16:59:11.430+08:00
rid_936,resident_name_936,F000936F,80000936,2021-04-01T16:59:11.432+08:00
rid_937,resident_name_937,S000937F,80000937,2021-04-01T16:59:11.434+08:00
rid_938,resident_name_938,F000938G,80000938,2021-04-01T16:59:11.436+08:00
rid_939,resident_name_939,S000939D,90000939,2021-04-01T16:59:11.438+08:00
rid_940,resident_name_940,F000940O,80000940,2021-04-01T16:59:11.440+08:00
rid_941,resident_name_941,S000941Q,80000941,2021-04-01T16:59:11.442+08:00
rid_942,resident_name_942,S000942L,80000942,2021-04-01T16:59:11.444+08:00
rid_943,resident_name_943,F000943R,90000943,2021-04-01T16:59:11.447+08:00
rid_944,resident_name_944,F000944C,80000944,2021-04-01T16:59:11.449+08:00
rid_945,resident_name_945,S000945V,80000945,2021-04-01T16:59:11.451+08:00
rid_946,resident_name_946,S000946P,80000946,2021-04-01T16:59:11.453+08:00
rid_947,resident_name_947,S000947R,80000947,2021-04-01T16:59:11.455+08:00
rid_948,resident_name_948,F000948W,80000948,2021-04-01T16:59:11.457+08:00
rid_949,resident_name_949,F000949M,80000949,2021-04-01T16:59:11.459+08:00
rid_950,resident_name_950,S000950C,90000950,2021-04-01T16:59:11.462+08:00
rid_951,resident_name_951,F000951P,80000951,2021-04-01T16:59:11.464+08:00
rid_952,resident_name_952,F000952F,90000952,2021-04-01T16:59:11.466+08:00
rid_953,resident_name_953,F000953Z,90000953,2021-04-01T16:59:11.468+08:00
rid_954,resident_name_954,S000954N,90000954,2021-04-01T16:59:11.470+08:00
rid_955,resident_name_955,S000955S,80000955,2021-04-01T16:59:11.472+08:00
rid_956,resident_name_956,F000956P,90000956,2021-04-01T16:59:11.474+08:00
rid_957,resident_name_957,F000957W,80000957,2021-04-01T16:59:11.476+08:00
rid_958,resident_name_958,S000958I,80000958,2021-04-01T16:59:11.479+08:00
rid_959,resident_name_959,F000959V,80000959,2021-04-01T16:59:11.481+08:00
rid_960,resident_name_960,F000960R,90000960,2021-04-01T16:59:11.483+08:00
rid_961,resident_name_961,F000961R,80000961,2021-04-01T16:59:11.485+08:00
rid_962,resident_name_962,F000962K,90000962,2021-04-01T16:59:11.487+08:00
rid_963,resident_name_963,F000963I,80000963,2021-04-01T16:59:11.489+08:00
rid_964,resident_name_964,S000964X,90000964,2021-04-01T16:59:11.492+08:00
rid_965,resident_name_965,S000965C,80000965,2021-04-01T16:59:11.494+08:00
rid_966,resident_name_966,S000966W,90000966,2021-04-01T16:59:11.496+08:00
rid_967,resident_name_967,F000967G,90000967,2021-04-01T16:59:11.498+08:00
rid_968,resident_name_968,S000968G,90000968,2021-04-01T16:59:11.500+08:00
rid_969,resident_name_969,F000969S,80000969,2021-04-01T16:59:11.502+08:00
rid_970,resident_name_970,S000970Z,90000970,2021-04-01T16:59:11.504+08:00
rid_971,resident_name_971,F000971B,80000971,2021-04-01T16:59:11.506+08:00
rid_972,resident_name_972,S000972J,80000972,2021-04-01T16:59:11.508+08:00
rid_973,resident_name_973,S000973S,90000973,2021-04-01T16:59:11.510+08:00
rid_974,resident_name_974,S000974U,80000974,2021-04-01T16:59:11.513+08:00
rid_975,resident_name_975,F000975K,90000975,2021-04-01T16:59:11.515+08:00
rid_976,resident_name_976,F000976V,80000976,2021-04-01T16:59:11.517+08:00
rid_977,resident_name_977,S000977S,80000977,2021-04-01T16:59:11.519+08:00
rid_978,resident_name_978,F000978P,80000978,2021-04-01T16:59:11.521+08:00
rid_979,resident_name_979,F000979O,80000979,2021-04-01T16:59:11.523+08:00
rid_980,resident_name_980,F000980H,90000980,2021-04-01T16:59:11.525+08:00
rid_981,resident_name_981,S000981Q,90000981,2021-04-01T16:59:11.528+08:00
rid_982,resident_name_982,S000982E,90000982,2021-04-01T16:59:11.530+08:00
rid_983,resident_name_983,S000983X,90000983,2021-04-01T16:59:11.532+08:00
rid_984,resident_name_984,S000984Y,90000984,2021-04-01T16:59:11.534+08:00
rid_985,resident_name_985,F000985W,80000985,2021-04-01T16:59:11.536+08:00
rid_986,resident_name_986,F000986Z,80000986,2021-04-01T16:59:11.538+08:00
rid_987,resident_name_987,S000987R,80000987,2021-04-01T16:59:11.540+08:00
rid_988,resident_name_988,F000988I,90000988,2021-04-01T16:59:11.542+08:00
rid_989,resident_name_989,S000989J,80000989,2021-04-01T16:59:11.544+08:00
rid_990,resident_name_990,F000990C,90000990,2021-04-01T16:59:11.547+08:00
rid_991,resident_name_991,F000991A,80000991,2021-04-01T16:59:11.549+08:00
rid_992,resident_name_992,S000992U,80000992,2021-04-01T16:59:11.551+08:00
rid_993,resident_name_993,S000993O,90000993,2021-04-01T16:59:11.553+08:00
rid_994,resident_name_994,S000994N,80000994,2021-04-01T16:59:11.555+08:00
rid_995,resident_name_995,F000995S,80000995,2021-04-01T16:59:11.557+08:00
rid_996,resident_name_996,F000996W,90000996,2021-04-01T16:59:11.560+08:00
rid_997,resident_name_997,S000997U,80000997,2021-04-01T16:59:11.562+08:00
rid_998,resident_name_998,S000998R,80000998,2021-04-01T16:59:11.564+08:00
rid_999,resident_name_999,S000999I,90000999,2021-04-01T16:59:11.566+08:00
rid_1000,resident_name_1000,S001000T,80001000,2021-04-01T16:59:11.568+08:00
