record_id,resident_id,place_id,entry_time,exit_time,last_update_dt
20023cdf-d878-48c8-9c26-88194c65f8fc,rid_1682,pid_15,2021-02-02 13:21:00.000000,2021-02-02 14:37:00.000000,2021-03-29 18:25:59.442836
b9460ff2-b4bb-468a-aa10-6a7143874069,rid_686,pid_2,2021-02-05 19:31:00.000000,2021-02-05 20:44:00.000000,2021-03-29 18:25:59.445799
8705b21d-dc85-4b13-8165-ed814e4733d5,rid_4555,pid_11,2021-02-07 18:42:00.000000,2021-02-07 19:36:00.000000,2021-03-29 18:25:59.448217
fafddafc-a255-44fc-a3ef-afb80318f295,rid_7283,pid_6,2021-02-02 09:01:00.000000,2021-02-02 09:38:00.000000,2021-03-29 18:25:59.450578
128fbb28-6a25-45e5-9635-6407f9b4f1df,rid_9197,pid_3,2021-02-03 15:12:00.000000,2021-02-03 16:26:00.000000,2021-03-29 18:25:59.453574
023b0955-55ae-4422-9e92-5790778edee8,rid_9259,pid_11,2021-02-06 15:32:00.000000,2021-02-06 16:51:00.000000,2021-03-29 18:25:59.456162
1448533a-c231-411c-94bd-526a50b57067,rid_6616,pid_8,2021-02-01 13:19:00.000000,2021-02-01 14:32:00.000000,2021-03-29 18:25:59.459520
7ccbe68c-6071-41f0-a82a-3972f1a6ef69,rid_2638,pid_8,2021-02-02 09:39:00.000000,2021-02-02 10:43:00.000000,2021-03-29 18:25:59.462024
4f638ec8-65fb-4ef5-a74e-4777d5d2c6ac,rid_6763,pid_2,2021-02-07 08:24:00.000000,2021-02-07 09:42:00.000000,2021-03-29 18:25:59.464463
9c275e51-4529-4334-a391-436578c2c5ef,rid_2607,pid_3,2021-02-04 08:09:00.000000,2021-02-04 08:55:00.000000,2021-03-29 18:25:59.467636
49f25314-e6bf-48a9-b45d-2e3f8299fde9,rid_7033,pid_6,2021-02-02 13:11:00.000000,2021-02-02 14:02:00.000000,2021-03-29 18:25:59.470590
97404294-8372-4dc9-9c7c-788823798a4d,rid_989,pid_12,2021-02-01 12:23:00.000000,2021-02-01 13:32:00.000000,2021-03-29 18:25:59.473124
1e201805-6799-491c-a69c-4c2ceeba0275,rid_3768,pid_14,2021-02-06 14:49:00.000000,2021-02-06 16:18:00.000000,2021-03-29 18:25:59.475471
2e7163ec-4094-4393-b9a0-200780ba89ac,rid_6586,pid_16,2021-02-02 17:48:00.000000,2021-02-02 18:54:00.000000,2021-03-29 18:25:59.477973
4741b0f5-f58c-456a-af04-30ec8cfbf336,rid_5412,pid_8,2021-02-01 15:25:00.000000,2021-02-01 15:59:00.000000,2021-03-29 18:25:59.480308
34726928-25b2-4fd2-af4f-1531768150be,rid_2573,pid_3,2021-02-03 16:10:00.000000,2021-02-03 17:33:00.000000,2021-03-29 18:25:59.482647
8cb608ae-ace7-446a-93ca-6ef924e2db9e,rid_2428,pid_13,2021-02-02 16:40:00.000000,2021-02-02 17:20:00.000000,2021-03-29 18:25:59.485296
a89e4085-96a4-41b4-8e86-d780fa627489,rid_9051,pid_16,2021-02-02 18:43:00.000000,2021-02-02 20:03:00.000000,2021-03-29 18:25:59.487934
f625d3b6-563d-4b99-8e8b-759b55539aa9,rid_6492,pid_16,2021-02-06 10:00:00.000000,2021-02-06 11:44:00.000000,2021-03-29 18:25:59.490400
b8a11de3-5923-428f-a96d-f22c5b535cbc,rid_8115,pid_25,2021-02-01 16:43:00.000000,2021-02-01 17:48:00.000000,2021-03-29 18:25:59.493003
9ec78d22-78d6-443f-ade6-5388596c7b6d,rid_297,pid_19,2021-02-05 09:15:00.000000,2021-02-05 10:10:00.000000,2021-03-29 18:25:59.495425
af2f2ae6-6aea-4958-aaa3-fe00f4d94030,rid_3388,pid_17,2021-02-01 13:16:00.000000,2021-02-01 13:42:00.000000,2021-03-29 18:25:59.497877
149727b0-0899-4631-84f4-699e13a9d58b,rid_312,pid_7,2021-02-03 14:24:00.000000,2021-02-03 15:21:00.000000,2021-03-29 18:25:59.500406
342c649f-4985-44c2-84eb-bf64642b989c,rid_839,pid_15,2021-02-03 15:28:00.000000,2021-02-03 16:13:00.000000,2021-03-29 18:25:59.502846
876c38a8-57d9-4968-ad4a-5e1718f6a64c,rid_914,pid_23,2021-02-03 13:33:00.000000,2021-02-03 14:43:00.000000,2021-03-29 18:25:59.505265
6bc6a7af-6fba-4fb6-862f-bf46f55bbb2f,rid_5616,pid_3,2021-02-05 08:27:00.000000,2021-02-05 09:13:00.000000,2021-03-29 18:25:59.507644
61763d73-e77e-4585-afe9-1771a88bf6fc,rid_7049,pid_13,2021-02-01 10:26:00.000000,2021-02-01 10:58:00.000000,2021-03-29 18:25:59.510106
7754c9e4-d7ca-4ed9-a9b7-8d6ca3c08b55,rid_112,pid_8,2021-02-07 16:11:00.000000,2021-02-07 17:32:00.000000,2021-03-29 18:25:59.512444
d4f75332-2cb9-4f39-bf74-00ac17c3ea43,rid_6588,pid_20,2021-02-07 15:24:00.000000,2021-02-07 16:29:00.000000,2021-03-29 18:25:59.514874
6caa1cba-9cc3-4033-84d0-e1de78a3c976,rid_7904,pid_9,2021-02-03 18:27:00.000000,2021-02-03 19:17:00.000000,2021-03-29 18:25:59.517209
dff2698c-2a41-41f9-a23d-bec3e9aa8863,rid_5912,pid_19,2021-02-05 10:41:00.000000,2021-02-05 12:08:00.000000,2021-03-29 18:25:59.519557
4a4ba169-a937-4f3c-af14-1afed0b241c6,rid_9171,pid_6,2021-02-01 14:48:00.000000,2021-02-01 15:19:00.000000,2021-03-29 18:25:59.522015
129c535a-c5d5-459c-8d9f-5b61b59a8cc4,rid_8788,pid_19,2021-02-05 10:47:00.000000,2021-02-05 12:07:00.000000,2021-03-29 18:25:59.524357
394da058-372d-4197-8d3b-889d7181b357,rid_3258,pid_24,2021-02-04 09:38:00.000000,2021-02-04 11:05:00.000000,2021-03-29 18:25:59.526745
f2a5b711-bab9-4a8a-8267-0312317212a0,rid_2469,pid_14,2021-02-06 12:30:00.000000,2021-02-06 13:45:00.000000,2021-03-29 18:25:59.529311
fd5eceb8-6f43-40df-b4d0-7d4099d84c8d,rid_6069,pid_14,2021-02-07 15:05:00.000000,2021-02-07 15:52:00.000000,2021-03-29 18:25:59.531663
3d3d5a23-3ca3-426f-b8f5-a9a2f06bb844,rid_6283,pid_18,2021-02-01 19:33:00.000000,2021-02-01 20:41:00.000000,2021-03-29 18:25:59.534174
d68fae8a-638c-46f9-b248-8c3a625cdffb,rid_2783,pid_27,2021-02-07 10:29:00.000000,2021-02-07 11:31:00.000000,2021-03-29 18:25:59.536781
2a346e09-a096-43a9-ac90-870661574ee8,rid_5502,pid_24,2021-02-06 20:00:00.000000,2021-02-06 21:28:00.000000,2021-03-29 18:25:59.539216
f2063dc4-debb-4e65-a60a-fc885065357d,rid_8586,pid_10,2021-02-01 11:49:00.000000,2021-02-01 12:43:00.000000,2021-03-29 18:25:59.541530
dd08c01c-483d-415f-8a02-706b0d94c4cd,rid_279,pid_22,2021-02-03 17:55:00.000000,2021-02-03 18:57:00.000000,2021-03-29 18:25:59.544139
cb0941f6-8c25-4441-8f1b-5a5226afc6b2,rid_4620,pid_6,2021-02-04 12:36:00.000000,2021-02-04 14:17:00.000000,2021-03-29 18:25:59.546467
20c40664-7c1e-41d6-9b5c-4a419a0f3f2a,rid_7486,pid_24,2021-02-03 12:15:00.000000,2021-02-03 13:14:00.000000,2021-03-29 18:25:59.548709
66301a7c-0db0-4bbf-a6b6-ee773b2af76e,rid_2724,pid_20,2021-02-01 09:23:00.000000,2021-02-01 10:45:00.000000,2021-03-29 18:25:59.551028
72013076-5291-443d-9b60-29d9ffd66f46,rid_8988,pid_8,2021-02-04 11:42:00.000000,2021-02-04 12:40:00.000000,2021-03-29 18:25:59.553305
8462c5c0-5725-4652-a00f-c9174205359b,rid_7724,pid_18,2021-02-03 10:44:00.000000,2021-02-03 11:59:00.000000,2021-03-29 18:25:59.555536
5fe863c0-1c6b-4944-a3ce-896784890980,rid_4335,pid_3,2021-02-06 09:31:00.000000,2021-02-06 09:39:00.000000,2021-03-29 18:25:59.557768
ada22d8d-dafc-4530-88bc-249a637246c4,rid_5765,pid_15,2021-02-07 18:23:00.000000,2021-02-07 19:31:00.000000,2021-03-29 18:25:59.571455
e94852bd-79ee-4594-9f7d-9a8ddc3e5a69,rid_1715,pid_26,2021-02-05 09:05:00.000000,2021-02-05 10:24:00.000000,2021-03-29 18:25:59.573932
3addd6da-3ea0-4e68-84f9-a887b9d1e28d,rid_3382,pid_2,2021-02-03 13:08:00.000000,2021-02-03 14:28:00.000000,2021-03-29 18:25:59.576283
39f76706-8c89-45d2-89d0-b002c34d0518,rid_6278,pid_4,2021-02-01 10:40:00.000000,2021-02-01 11:23:00.000000,2021-03-29 18:25:59.578712
256e165e-be40-406c-94ab-89a23baa56c4,rid_7963,pid_24,2021-02-04 17:37:00.000000,2021-02-04 18:41:00.000000,2021-03-29 18:25:59.581007
cc2a5c8c-1fdb-4ef8-88a1-23116e929299,rid_9463,pid_9,2021-02-02 17:17:00.000000,2021-02-02 18:23:00.000000,2021-03-29 18:25:59.583279
cd75a605-0f96-4330-acd6-7568a4259cd3,rid_7695,pid_17,2021-02-03 10:59:00.000000,2021-02-03 12:12:00.000000,2021-03-29 18:25:59.585809
c4e9e8bd-b042-486d-ba97-41a08a7811a7,rid_7016,pid_4,2021-02-03 09:23:00.000000,2021-02-03 10:49:00.000000,2021-03-29 18:25:59.588051
3f114179-f0da-440d-8e19-34536735ba50,rid_9444,pid_1,2021-02-06 13:16:00.000000,2021-02-06 14:24:00.000000,2021-03-29 18:25:59.590280
227a9549-ce39-4dac-b47a-3e21775d13f0,rid_7734,pid_10,2021-02-05 12:41:00.000000,2021-02-05 13:46:00.000000,2021-03-29 18:25:59.592533
feea4de6-321a-4548-8f83-87386049c92a,rid_8235,pid_16,2021-02-03 18:10:00.000000,2021-02-03 19:03:00.000000,2021-03-29 18:25:59.594790
ba168f30-aae1-4163-8431-566311c03cfb,rid_6476,pid_7,2021-02-05 19:04:00.000000,2021-02-05 20:05:00.000000,2021-03-29 18:25:59.597149
2648df9a-b9f3-434d-afba-809045b66e70,rid_4242,pid_23,2021-02-02 09:40:00.000000,2021-02-02 10:34:00.000000,2021-03-29 18:25:59.599391
02e54573-e23a-45ab-ab98-08dd47847e41,rid_5218,pid_17,2021-02-06 17:59:00.000000,2021-02-06 18:59:00.000000,2021-03-29 18:25:59.601705
3e02bdb5-4e55-4c91-ab31-de4085718730,rid_399,pid_15,2021-02-03 15:02:00.000000,2021-02-03 15:50:00.000000,2021-03-29 18:25:59.603937
af0d3f33-001a-4af5-be46-8c50e149891e,rid_6939,pid_12,2021-02-05 14:21:00.000000,2021-02-05 15:25:00.000000,2021-03-29 18:25:59.606147
18ccf0fd-d633-455e-8c2c-20f7a78dad23,rid_8841,pid_14,2021-02-06 12:46:00.000000,2021-02-06 13:44:00.000000,2021-03-29 18:25:59.608365
901121c7-fe6b-4eee-bed1-84b15c2221a5,rid_2673,pid_12,2021-02-03 16:50:00.000000,2021-02-03 18:00:00.000000,2021-03-29 18:25:59.610583
0cf05d23-ecfa-4217-92a2-a25505af4998,rid_7859,pid_23,2021-02-03 18:35:00.000000,2021-02-03 19:08:00.000000,2021-03-29 18:25:59.612793
3c743b2c-08a9-4138-b85f-98216d5536d4,rid_2908,pid_11,2021-02-02 10:45:00.000000,2021-02-02 11:55:00.000000,2021-03-29 18:25:59.615038
8859aabd-ef51-45e9-809a-2d047dc2d786,rid_6745,pid_18,2021-02-01 17:24:00.000000,2021-02-01 18:33:00.000000,2021-03-29 18:25:59.617257
72f06688-d2eb-436a-95c0-99d7f2ea809c,rid_7203,pid_6,2021-02-04 09:03:00.000000,2021-02-04 10:12:00.000000,2021-03-29 18:25:59.619568
c45f7d3a-7d8f-4c4e-8538-2dbd7abe1724,rid_3479,pid_22,2021-02-03 16:17:00.000000,2021-02-03 16:52:00.000000,2021-03-29 18:25:59.621782
8fecd3ce-0500-4116-a320-c7fd90e57a3b,rid_3985,pid_6,2021-02-06 17:46:00.000000,2021-02-06 18:03:00.000000,2021-03-29 18:25:59.624162
67b2086f-32f1-4f39-b5de-f7b014dec2cb,rid_1967,pid_12,2021-02-05 19:46:00.000000,2021-02-05 20:43:00.000000,2021-03-29 18:25:59.626438
26c43da3-964d-4221-8c13-c04730fed392,rid_3549,pid_18,2021-02-03 15:56:00.000000,2021-02-03 16:28:00.000000,2021-03-29 18:25:59.628677
221ef459-89a4-48ed-a46a-b609258d637a,rid_7045,pid_17,2021-02-06 16:22:00.000000,2021-02-06 17:25:00.000000,2021-03-29 18:25:59.631054
8453e43c-fe42-4dd7-b170-b64cb15bdfba,rid_7235,pid_26,2021-02-02 13:36:00.000000,2021-02-02 15:01:00.000000,2021-03-29 18:25:59.633291
59c77f16-9eb3-4835-8829-56ab2522dd79,rid_5994,pid_21,2021-02-06 09:43:00.000000,2021-02-06 10:42:00.000000,2021-03-29 18:25:59.635544
f48d7b80-cb9e-4809-9b17-1253348765e8,rid_4403,pid_2,2021-02-04 08:47:00.000000,2021-02-04 10:10:00.000000,2021-03-29 18:25:59.637858
557a7f1e-ec15-452c-aa17-228e21fcaf8b,rid_8507,pid_21,2021-02-01 19:57:00.000000,2021-02-01 21:28:00.000000,2021-03-29 18:25:59.640096
da5d1920-628e-41fd-a6f2-cf169c1facc8,rid_7115,pid_1,2021-02-03 09:16:00.000000,2021-02-03 10:48:00.000000,2021-03-29 18:25:59.642347
8da16acd-f83a-4a61-873f-8aef3d68a577,rid_8562,pid_14,2021-02-07 16:38:00.000000,2021-02-07 18:25:00.000000,2021-03-29 18:25:59.644903
ade185ca-8b81-42eb-9ebc-e022c49ef0a5,rid_7131,pid_7,2021-02-02 15:08:00.000000,2021-02-02 15:45:00.000000,2021-03-29 18:25:59.648118
42e30f23-4f52-4adc-a83a-c16795538084,rid_992,pid_23,2021-02-06 12:24:00.000000,2021-02-06 12:53:00.000000,2021-03-29 18:25:59.650800
c8c2c9d8-ae9e-4706-bad4-68cf7d1b5419,rid_1214,pid_27,2021-02-01 09:40:00.000000,2021-02-01 11:17:00.000000,2021-03-29 18:25:59.654013
6100a0f9-d924-4dc2-adaf-b3393188c4d1,rid_3525,pid_10,2021-02-04 09:21:00.000000,2021-02-04 10:07:00.000000,2021-03-29 18:25:59.656501
5b832b9f-fb62-4d15-9ff3-264e183962b0,rid_8286,pid_13,2021-02-03 15:30:00.000000,2021-02-03 16:00:00.000000,2021-03-29 18:25:59.658813
a56f555d-72b9-4e8c-b84c-7d7b1d42a2d7,rid_9274,pid_12,2021-02-04 18:34:00.000000,2021-02-04 19:41:00.000000,2021-03-29 18:25:59.662085
eab20932-a9dd-47e4-a9b4-cd71aea9d514,rid_8373,pid_25,2021-02-04 19:07:00.000000,2021-02-04 19:55:00.000000,2021-03-29 18:25:59.665600
2bddccc1-25f6-4c25-8b11-f57d640a248b,rid_1646,pid_14,2021-02-06 19:24:00.000000,2021-02-06 20:17:00.000000,2021-03-29 18:25:59.668412
843acf3b-b16e-4e44-b2ac-02a182d4890f,rid_9116,pid_21,2021-02-06 13:33:00.000000,2021-02-06 14:59:00.000000,2021-03-29 18:25:59.672225
744ccf6c-7504-4d13-8763-3c68d49e08af,rid_9118,pid_17,2021-02-07 19:05:00.000000,2021-02-07 20:07:00.000000,2021-03-29 18:25:59.675561
829af622-4213-403a-a361-2029999acfaa,rid_2203,pid_24,2021-02-07 19:00:00.000000,2021-02-07 20:32:00.000000,2021-03-29 18:25:59.678296
7d2eb9af-14a3-4ac3-b094-9b69d9911e18,rid_281,pid_8,2021-02-01 16:15:00.000000,2021-02-01 17:14:00.000000,2021-03-29 18:25:59.680804
39cb597b-3d15-4078-9f3b-8f30ef215c42,rid_6161,pid_17,2021-02-04 17:55:00.000000,2021-02-04 19:12:00.000000,2021-03-29 18:25:59.683132
0cc34226-ad20-43bb-a9f9-24c96db8539a,rid_498,pid_14,2021-02-02 19:14:00.000000,2021-02-02 20:09:00.000000,2021-03-29 18:25:59.686262
9492a40d-075b-48e7-9dff-53d99b7417a9,rid_267,pid_10,2021-02-04 12:44:00.000000,2021-02-04 13:59:00.000000,2021-03-29 18:25:59.689042
437d6a54-102f-4515-8de4-92ff84418962,rid_2978,pid_10,2021-02-02 08:55:00.000000,2021-02-02 09:33:00.000000,2021-03-29 18:25:59.691536
ddabf997-205a-4d27-9e2c-216d46eb6810,rid_9807,pid_8,2021-02-05 18:58:00.000000,2021-02-05 20:39:00.000000,2021-03-29 18:25:59.694175
66fb6ddf-cc89-49b2-986e-eb9d8476145b,rid_7629,pid_14,2021-02-07 15:17:00.000000,2021-02-07 16:31:00.000000,2021-03-29 18:25:59.696580
14dd2027-25b6-46b9-9c6d-73e66309d1f8,rid_3823,pid_26,2021-02-07 11:12:00.000000,2021-02-07 11:38:00.000000,2021-03-29 18:25:59.699334
c1ffde3d-f17c-4f16-b2ae-55a27e22eef3,rid_5262,pid_9,2021-02-02 08:55:00.000000,2021-02-02 09:45:00.000000,2021-03-29 18:25:59.702311
f6a3fb2d-c56f-4608-bba9-a8d4d25b3061,rid_7887,pid_23,2021-02-02 13:52:00.000000,2021-02-02 14:31:00.000000,2021-03-29 18:25:59.705227
e7215a42-1f72-4492-9cee-f8892e2fd14d,rid_317,pid_15,2021-02-02 18:05:00.000000,2021-02-02 18:31:00.000000,2021-03-29 18:25:59.707588
f083080d-4e7a-4b55-9e4a-1883fa3aee74,rid_6696,pid_19,2021-02-02 09:38:00.000000,2021-02-02 10:36:00.000000,2021-03-29 18:25:59.710111
f94ad57f-ef55-401b-a0fe-6ad1f5e1d3b4,rid_7679,pid_22,2021-02-02 14:34:00.000000,2021-02-02 15:39:00.000000,2021-03-29 18:25:59.712908
193d4c38-bd7b-4481-8da3-2702913455e8,rid_9694,pid_13,2021-02-06 11:26:00.000000,2021-02-06 12:21:00.000000,2021-03-29 18:25:59.715391
985fe801-9d95-428d-9074-b079de68a6d1,rid_3994,pid_24,2021-02-03 17:46:00.000000,2021-02-03 18:29:00.000000,2021-03-29 18:25:59.718198
0d4ddb67-85ad-481c-9b94-14ff307c331e,rid_53,pid_6,2021-02-05 18:09:00.000000,2021-02-05 19:32:00.000000,2021-03-29 18:25:59.720847
e0cc5b5e-2415-48c7-aa33-bba5abc6c848,rid_3426,pid_22,2021-02-02 14:45:00.000000,2021-02-02 15:52:00.000000,2021-03-29 18:25:59.723541
fec43492-eba7-4067-843a-668065fea862,rid_5870,pid_11,2021-02-01 17:10:00.000000,2021-02-01 18:14:00.000000,2021-03-29 18:25:59.726848
efaa58d7-7881-4268-9f43-6da75353b412,rid_6925,pid_10,2021-02-05 14:58:00.000000,2021-02-05 15:54:00.000000,2021-03-29 18:25:59.729524
23eea29d-cc67-4a8b-9225-07957afb52f1,rid_7592,pid_1,2021-02-01 11:57:00.000000,2021-02-01 12:37:00.000000,2021-03-29 18:25:59.732110
d8c24364-edee-4585-b120-bb11167a6a8f,rid_5694,pid_1,2021-02-05 15:52:00.000000,2021-02-05 16:33:00.000000,2021-03-29 18:25:59.734908
876c1462-3e39-4a26-8280-20f7b36c5490,rid_4507,pid_8,2021-02-06 09:51:00.000000,2021-02-06 11:05:00.000000,2021-03-29 18:25:59.737836
18f4337c-648c-4322-a209-b78e32fd663c,rid_3345,pid_26,2021-02-04 18:43:00.000000,2021-02-04 19:49:00.000000,2021-03-29 18:25:59.740538
320f73c0-b303-4e32-9221-4cb599a0c8f6,rid_545,pid_8,2021-02-06 18:53:00.000000,2021-02-06 19:54:00.000000,2021-03-29 18:25:59.743335
435a4458-0a64-4a02-bacd-b2272a028167,rid_123,pid_10,2021-02-02 09:30:00.000000,2021-02-02 10:20:00.000000,2021-03-29 18:25:59.745781
16779cdc-1693-4494-9f52-44065e6197d0,rid_736,pid_2,2021-02-03 10:04:00.000000,2021-02-03 10:56:00.000000,2021-03-29 18:25:59.748127
dc3e71c0-447d-4a90-9049-8d158fcc8061,rid_9906,pid_24,2021-02-06 19:06:00.000000,2021-02-06 19:58:00.000000,2021-03-29 18:25:59.750472
7eb75a6c-3f9f-43ad-ba5d-1b2f23357895,rid_1935,pid_13,2021-02-07 16:11:00.000000,2021-02-07 16:29:00.000000,2021-03-29 18:25:59.753162
1f859b1a-c1a9-40fa-941f-19d912258cc4,rid_723,pid_2,2021-02-05 12:46:00.000000,2021-02-05 13:28:00.000000,2021-03-29 18:25:59.755710
de3e0506-0458-4839-9735-83b9f24ebe08,rid_9804,pid_15,2021-02-07 17:40:00.000000,2021-02-07 18:39:00.000000,2021-03-29 18:25:59.758035
9b8511f8-99d1-4ca6-84da-d7529c685136,rid_1676,pid_9,2021-02-06 15:52:00.000000,2021-02-06 17:03:00.000000,2021-03-29 18:25:59.760382
7d2ab9d6-4c79-4682-b3dc-cb19b44b5bec,rid_2762,pid_1,2021-02-06 19:32:00.000000,2021-02-06 21:02:00.000000,2021-03-29 18:25:59.762734
e589abb3-d7f5-442e-bf02-6e7ed8f361ba,rid_5629,pid_20,2021-02-04 13:37:00.000000,2021-02-04 14:15:00.000000,2021-03-29 18:25:59.765058
e65fc4de-98df-4a5b-9547-693bf717187c,rid_8728,pid_21,2021-02-03 14:57:00.000000,2021-02-03 16:27:00.000000,2021-03-29 18:25:59.767523
e71a02eb-3a33-4378-a228-4cf6455e70cb,rid_8652,pid_6,2021-02-06 12:40:00.000000,2021-02-06 13:38:00.000000,2021-03-29 18:25:59.770019
1b82c98f-6512-4a79-be8a-502528952e98,rid_5778,pid_25,2021-02-07 14:01:00.000000,2021-02-07 14:57:00.000000,2021-03-29 18:25:59.772664
9eb8ae55-c841-4282-b384-854f7caecd88,rid_8446,pid_18,2021-02-05 14:06:00.000000,2021-02-05 14:59:00.000000,2021-03-29 18:25:59.775059
6c56fcc2-23a9-4f25-b5d3-94777c7ff2fa,rid_9928,pid_4,2021-02-06 16:53:00.000000,2021-02-06 17:43:00.000000,2021-03-29 18:25:59.777642
548781b5-9b9b-4c33-8e95-74b28617c03e,rid_6956,pid_24,2021-02-02 15:10:00.000000,2021-02-02 15:39:00.000000,2021-03-29 18:25:59.780569
d78e5fd3-b3e3-4066-802e-8158e0c02bca,rid_9956,pid_9,2021-02-07 13:33:00.000000,2021-02-07 14:37:00.000000,2021-03-29 18:25:59.782972
02a1bf27-27ef-4536-8b04-25f2bb622758,rid_550,pid_8,2021-02-04 17:07:00.000000,2021-02-04 17:48:00.000000,2021-03-29 18:25:59.785256
5f511e29-e51f-4f66-b695-c806b3c39ad2,rid_581,pid_23,2021-02-01 13:16:00.000000,2021-02-01 14:01:00.000000,2021-03-29 18:25:59.788491
3a7c3c78-ccca-48d9-a15a-2ab1f5fa2b35,rid_4913,pid_18,2021-02-03 14:03:00.000000,2021-02-03 15:27:00.000000,2021-03-29 18:25:59.791022
bca2d9a6-ec10-4149-9e27-e3cf344b6946,rid_3675,pid_23,2021-02-02 11:37:00.000000,2021-02-02 12:37:00.000000,2021-03-29 18:25:59.793383
a10c7f51-151b-4995-9145-55a89dd49a38,rid_6836,pid_2,2021-02-06 08:29:00.000000,2021-02-06 09:01:00.000000,2021-03-29 18:25:59.796119
9f8e9940-4011-4ca1-82cf-e4799a788395,rid_7098,pid_17,2021-02-04 17:05:00.000000,2021-02-04 17:45:00.000000,2021-03-29 18:25:59.798514
e00a5174-115b-4ed6-8717-f5e6841900d7,rid_3510,pid_10,2021-02-07 11:01:00.000000,2021-02-07 12:12:00.000000,2021-03-29 18:25:59.800846
9fffca69-0eda-4f1e-b0df-97f56ea69df7,rid_6225,pid_23,2021-02-06 13:49:00.000000,2021-02-06 14:24:00.000000,2021-03-29 18:25:59.804008
d9b3f970-574f-41f3-8472-f17794aafb9c,rid_5922,pid_12,2021-02-02 09:03:00.000000,2021-02-02 10:30:00.000000,2021-03-29 18:25:59.806488
60d27f90-dc0e-4516-9ce0-672aa90cb351,rid_5529,pid_16,2021-02-05 12:59:00.000000,2021-02-05 13:50:00.000000,2021-03-29 18:25:59.808775
b010990e-6205-400e-81fa-640dd4c85af6,rid_8872,pid_7,2021-02-04 09:10:00.000000,2021-02-04 10:15:00.000000,2021-03-29 18:25:59.811498
13d452c8-260c-41ef-b599-59d1ffb24811,rid_4545,pid_2,2021-02-07 18:51:00.000000,2021-02-07 20:20:00.000000,2021-03-29 18:25:59.813869
2608b631-2641-45a7-8b46-f95618ab4732,rid_7404,pid_6,2021-02-07 08:13:00.000000,2021-02-07 08:58:00.000000,2021-03-29 18:25:59.816729
5c516a28-5270-4dca-960a-dd183f4b1ccd,rid_8753,pid_25,2021-02-03 17:50:00.000000,2021-02-03 19:01:00.000000,2021-03-29 18:25:59.819409
c9d67f67-0910-4ada-a22f-0160f02bd422,rid_6349,pid_22,2021-02-06 15:56:00.000000,2021-02-06 17:23:00.000000,2021-03-29 18:25:59.821756
b50ac613-8b29-4ab6-be68-108f493238e3,rid_3174,pid_3,2021-02-02 17:17:00.000000,2021-02-02 17:47:00.000000,2021-03-29 18:25:59.824183
a412bd80-baee-46ac-b5fe-d7a26420cbf8,rid_8745,pid_24,2021-02-06 14:18:00.000000,2021-02-06 15:19:00.000000,2021-03-29 18:25:59.826926
17c4de5b-13c1-4ded-a9ac-6ae6c9a07b7f,rid_5502,pid_11,2021-02-07 12:06:00.000000,2021-02-07 13:19:00.000000,2021-03-29 18:25:59.829231
eaebff99-004d-4aa6-88e7-c24e27b9372d,rid_8770,pid_27,2021-02-07 08:58:00.000000,2021-02-07 10:21:00.000000,2021-03-29 18:25:59.831496
5f0baf31-5114-411b-9079-7a673bc7b640,rid_4130,pid_28,2021-02-06 09:40:00.000000,2021-02-06 10:35:00.000000,2021-03-29 18:25:59.834194
e7cae4ad-39ad-4003-8fc2-422275efc369,rid_333,pid_26,2021-02-02 19:03:00.000000,2021-02-02 19:43:00.000000,2021-03-29 18:25:59.836547
61257348-276e-424b-adfb-e1226ab7d8ad,rid_8725,pid_17,2021-02-01 18:20:00.000000,2021-02-01 20:00:00.000000,2021-03-29 18:25:59.838837
c1e1e364-aa9f-4832-9c2e-0cc2c1122f23,rid_5293,pid_15,2021-02-04 14:56:00.000000,2021-02-04 16:03:00.000000,2021-03-29 18:25:59.841661
eee8f825-2059-4256-81a9-9a9c92efaca8,rid_5362,pid_19,2021-02-03 08:07:00.000000,2021-02-03 08:54:00.000000,2021-03-29 18:25:59.844023
e04fee29-c0eb-4717-ae53-3f2a11124501,rid_2245,pid_1,2021-02-03 13:37:00.000000,2021-02-03 14:04:00.000000,2021-03-29 18:25:59.846299
70fc79a6-2b45-4168-9293-683556be6c67,rid_9749,pid_15,2021-02-02 11:47:00.000000,2021-02-02 12:49:00.000000,2021-03-29 18:25:59.848905
30e498a7-596b-415f-a60e-73746a93d63b,rid_2493,pid_21,2021-02-02 14:30:00.000000,2021-02-02 15:41:00.000000,2021-03-29 18:25:59.851317
1ddc46c1-9c8a-4d04-9c04-32044ede79b3,rid_3617,pid_14,2021-02-06 16:04:00.000000,2021-02-06 17:37:00.000000,2021-03-29 18:25:59.853575
4461ba1b-2476-4f7f-a797-494b3bf321d9,rid_5043,pid_25,2021-02-05 13:12:00.000000,2021-02-05 14:25:00.000000,2021-03-29 18:25:59.856079
2e47d1c4-bd02-4e66-b094-a557c246f603,rid_6752,pid_26,2021-02-05 08:32:00.000000,2021-02-05 09:02:00.000000,2021-03-29 18:25:59.858951
898611d2-677c-436c-9f94-dbf137a13d1e,rid_3025,pid_19,2021-02-02 11:02:00.000000,2021-02-02 12:01:00.000000,2021-03-29 18:25:59.861704
07491fd5-5481-4a95-904d-7e3f795c7f91,rid_946,pid_21,2021-02-03 17:47:00.000000,2021-02-03 18:31:00.000000,2021-03-29 18:25:59.865705
0eb26aca-413e-445a-ac90-750062a64814,rid_377,pid_14,2021-02-06 19:29:00.000000,2021-02-06 20:30:00.000000,2021-03-29 18:25:59.868275
89111a07-8b45-4d20-b5f7-eb5609920a17,rid_5672,pid_2,2021-02-01 10:56:00.000000,2021-02-01 11:38:00.000000,2021-03-29 18:25:59.871253
de267699-36c1-40aa-8797-881c0bfa9fd0,rid_3695,pid_16,2021-02-05 08:12:00.000000,2021-02-05 09:42:00.000000,2021-03-29 18:25:59.874532
5a72c879-6945-4ed1-addb-8129bf4f4e2d,rid_2088,pid_5,2021-02-04 10:09:00.000000,2021-02-04 11:04:00.000000,2021-03-29 18:25:59.877581
1469264f-4540-4083-a44d-804ae80258c7,rid_5958,pid_20,2021-02-02 14:05:00.000000,2021-02-02 15:13:00.000000,2021-03-29 18:25:59.880424
c60e0980-8192-4b10-8eb7-e607ae9d3fb1,rid_6568,pid_18,2021-02-02 14:26:00.000000,2021-02-02 15:30:00.000000,2021-03-29 18:25:59.883391
7bfc9136-54cf-43f1-8c6d-20f3fb91d0b6,rid_2165,pid_11,2021-02-07 15:41:00.000000,2021-02-07 16:34:00.000000,2021-03-29 18:25:59.886627
4cfcab5e-972c-43a8-8913-7c5bfb9aa2e1,rid_3261,pid_19,2021-02-05 17:40:00.000000,2021-02-05 18:02:00.000000,2021-03-29 18:25:59.889269
2ec4f831-1e29-4d62-a77c-97b013fc427c,rid_9874,pid_28,2021-02-02 14:14:00.000000,2021-02-02 14:43:00.000000,2021-03-29 18:25:59.891713
5a19915a-f2c2-4c22-81d1-b37f42642f53,rid_9103,pid_28,2021-02-01 18:02:00.000000,2021-02-01 18:49:00.000000,2021-03-29 18:25:59.894272
18b9b271-5183-4891-9be4-7c67e6b4e689,rid_3920,pid_4,2021-02-06 18:17:00.000000,2021-02-06 19:19:00.000000,2021-03-29 18:25:59.897063
dc972f7e-5683-4bf0-8ff8-eb209337757c,rid_1192,pid_16,2021-02-02 10:47:00.000000,2021-02-02 11:49:00.000000,2021-03-29 18:25:59.899814
dd291d2b-5d01-446a-8e5e-c2451ab9c773,rid_6357,pid_5,2021-02-04 09:16:00.000000,2021-02-04 10:42:00.000000,2021-03-29 18:25:59.902875
6b30cfc8-168b-4979-941a-5bfee0e84362,rid_1765,pid_25,2021-02-07 17:12:00.000000,2021-02-07 17:43:00.000000,2021-03-29 18:25:59.905518
bcea81a5-bb0e-4b71-b5bb-5fda7fd71a89,rid_8473,pid_7,2021-02-07 09:27:00.000000,2021-02-07 09:52:00.000000,2021-03-29 18:25:59.907881
b59affec-084d-4819-aa2b-ee2e495a7711,rid_810,pid_15,2021-02-07 15:11:00.000000,2021-02-07 15:55:00.000000,2021-03-29 18:25:59.910894
6ec14614-d754-4746-9d08-71bf94d48484,rid_978,pid_15,2021-02-02 15:56:00.000000,2021-02-02 17:02:00.000000,2021-03-29 18:25:59.913692
fd51dd81-77ba-4ee6-a498-5d1869ab27e5,rid_9979,pid_7,2021-02-07 12:17:00.000000,2021-02-07 12:55:00.000000,2021-03-29 18:25:59.916150
f62d049d-cc23-41bd-859b-ff3c035f0eab,rid_8371,pid_24,2021-02-01 14:14:00.000000,2021-02-01 14:42:00.000000,2021-03-29 18:25:59.919898
cad225b1-c26b-4fe4-96ed-9a076cfef0d5,rid_685,pid_6,2021-02-03 19:37:00.000000,2021-02-03 21:04:00.000000,2021-03-29 18:25:59.923100
a10abc8a-f5ce-4184-9ea7-c36d3475eb70,rid_7458,pid_22,2021-02-01 13:05:00.000000,2021-02-01 13:32:00.000000,2021-03-29 18:25:59.925778
202ddffe-bafa-4257-a6ee-dd482a73fd2c,rid_4578,pid_9,2021-02-02 19:28:00.000000,2021-02-02 20:44:00.000000,2021-03-29 18:25:59.928552
c4cf3113-beb9-4625-9eaa-9e5fff0883ee,rid_1091,pid_26,2021-02-05 14:47:00.000000,2021-02-05 15:45:00.000000,2021-03-29 18:25:59.930938
611904a4-4082-4be3-be32-fe367325ddc7,rid_5961,pid_17,2021-02-04 09:25:00.000000,2021-02-04 10:57:00.000000,2021-03-29 18:25:59.933276
75d93aba-91cd-4cac-90a6-8da37cdb6dbb,rid_622,pid_2,2021-02-07 09:45:00.000000,2021-02-07 11:34:00.000000,2021-03-29 18:25:59.937144
e679d64c-eba5-47f7-80a1-eabfa7410b9a,rid_7380,pid_26,2021-02-04 16:03:00.000000,2021-02-04 16:57:00.000000,2021-03-29 18:25:59.941254
76f23b8f-a377-4282-ae16-897b84104e17,rid_7700,pid_2,2021-02-05 16:13:00.000000,2021-02-05 17:07:00.000000,2021-03-29 18:25:59.945227
94dad9a0-6f7a-4304-8f91-8cc74d2305ff,rid_6908,pid_6,2021-02-06 10:01:00.000000,2021-02-06 11:19:00.000000,2021-03-29 18:25:59.948205
83163cc5-8dcf-4242-bde7-5d7a32434041,rid_3368,pid_7,2021-02-04 12:47:00.000000,2021-02-04 13:41:00.000000,2021-03-29 18:25:59.950786
a23bf3ef-1bb3-4362-8c85-ba443c283f4c,rid_4701,pid_21,2021-02-02 18:13:00.000000,2021-02-02 19:34:00.000000,2021-03-29 18:25:59.953524
f8eb0d6d-8461-49a2-bbbf-1949637722dd,rid_8170,pid_8,2021-02-04 12:47:00.000000,2021-02-04 13:29:00.000000,2021-03-29 18:25:59.955923
6e989ab5-7b58-4338-a023-76a32813b1f4,rid_3293,pid_10,2021-02-07 19:57:00.000000,2021-02-07 21:24:00.000000,2021-03-29 18:25:59.958571
e293618f-dff9-4057-b47e-e80cc66f595d,rid_327,pid_18,2021-02-04 14:11:00.000000,2021-02-04 14:34:00.000000,2021-03-29 18:25:59.961271
f4c2cf79-7362-4dbe-a5f8-88f9ce36a5ce,rid_1768,pid_4,2021-02-01 10:15:00.000000,2021-02-01 11:13:00.000000,2021-03-29 18:25:59.963906
62ae686f-49ac-44c6-8092-297bffcb0962,rid_7031,pid_1,2021-02-02 10:18:00.000000,2021-02-02 11:58:00.000000,2021-03-29 18:25:59.966420
0369c5ce-62de-44a7-9f9e-38f99fba30b7,rid_8199,pid_25,2021-02-05 08:44:00.000000,2021-02-05 09:20:00.000000,2021-03-29 18:25:59.968820
8cb546d9-93ce-4d1c-8ad2-4265d6f0229e,rid_8191,pid_9,2021-02-07 17:13:00.000000,2021-02-07 18:15:00.000000,2021-03-29 18:25:59.971234
130d55a6-01ca-404c-b8b9-159d704a7f7a,rid_3206,pid_15,2021-02-02 11:12:00.000000,2021-02-02 12:10:00.000000,2021-03-29 18:25:59.973727
03cc76ee-8f2d-4e16-9465-044747512be1,rid_3422,pid_3,2021-02-04 17:28:00.000000,2021-02-04 18:04:00.000000,2021-03-29 18:25:59.976139
e533e846-43f7-4dd9-aa04-1601123030a3,rid_8765,pid_17,2021-02-05 13:35:00.000000,2021-02-05 14:55:00.000000,2021-03-29 18:25:59.978585
578cf158-573e-413a-9e61-7577b2b5ea68,rid_673,pid_3,2021-02-02 15:26:00.000000,2021-02-02 16:34:00.000000,2021-03-29 18:25:59.981749
2b5f0f38-05c1-41ed-9d36-88e0138e89e9,rid_268,pid_18,2021-02-03 17:30:00.000000,2021-02-03 18:28:00.000000,2021-03-29 18:25:59.984283
fbe2299c-6c53-48b5-805e-f90453a76043,rid_5323,pid_25,2021-02-03 09:56:00.000000,2021-02-03 10:51:00.000000,2021-03-29 18:25:59.986571
f4ee6746-a8dc-427d-b631-a09b6524e541,rid_6102,pid_27,2021-02-03 11:54:00.000000,2021-02-03 12:25:00.000000,2021-03-29 18:25:59.988785
23e3b87e-7038-4d71-ad77-e513a876a1b1,rid_9939,pid_24,2021-02-04 12:26:00.000000,2021-02-04 13:51:00.000000,2021-03-29 18:25:59.991016
5861e393-10d0-437a-96cb-2ed6186b02b6,rid_7187,pid_21,2021-02-04 13:40:00.000000,2021-02-04 15:05:00.000000,2021-03-29 18:25:59.993274
f8559dfd-7074-4cac-9e86-a2cc8a1a3812,rid_3322,pid_24,2021-02-06 08:55:00.000000,2021-02-06 10:01:00.000000,2021-03-29 18:25:59.995482
32868ea2-9aba-4769-8422-2b577ab89bc2,rid_5764,pid_26,2021-02-07 16:31:00.000000,2021-02-07 17:20:00.000000,2021-03-29 18:25:59.997687
d5b64a24-c16e-4284-b31f-f64dcb209a3c,rid_7427,pid_25,2021-02-07 17:16:00.000000,2021-02-07 18:58:00.000000,2021-03-29 18:26:00.000098
c33e852a-782d-4ea6-8caf-3874c1e473c6,rid_1204,pid_10,2021-02-06 11:38:00.000000,2021-02-06 12:43:00.000000,2021-03-29 18:26:00.002988
07bd9461-2246-4b1a-bb0e-0445bc37200a,rid_1160,pid_2,2021-02-01 14:17:00.000000,2021-02-01 15:18:00.000000,2021-03-29 18:26:00.005444
2fe4482e-acae-40d0-99e1-07101e886219,rid_1047,pid_23,2021-02-07 18:47:00.000000,2021-02-07 20:24:00.000000,2021-03-29 18:26:00.007684
bd177a4f-0564-4391-9d38-77455ec027af,rid_85,pid_7,2021-02-06 11:27:00.000000,2021-02-06 12:39:00.000000,2021-03-29 18:26:00.010071
6ffb9321-a6f5-4f3e-a092-d78e7b99de34,rid_7296,pid_8,2021-02-03 18:59:00.000000,2021-02-03 20:35:00.000000,2021-03-29 18:26:00.012345
f6ea5bb6-3f32-4568-8ef0-2467dfd8a49c,rid_4472,pid_16,2021-02-02 11:07:00.000000,2021-02-02 12:07:00.000000,2021-03-29 18:26:00.014565
e1975aa5-7551-40d8-91aa-a0e9cc9d1297,rid_4155,pid_26,2021-02-03 18:00:00.000000,2021-02-03 19:05:00.000000,2021-03-29 18:26:00.016787
2ec170f1-44df-488a-b962-148d3c65ec8c,rid_5942,pid_12,2021-02-04 19:07:00.000000,2021-02-04 20:17:00.000000,2021-03-29 18:26:00.019783
7d70e68c-5c6d-4e5e-a2d1-1c51d944ba3f,rid_4512,pid_9,2021-02-07 13:40:00.000000,2021-02-07 14:39:00.000000,2021-03-29 18:26:00.022622
a56a6d35-a939-4ad6-b954-b9d9d066dda7,rid_6553,pid_22,2021-02-05 14:07:00.000000,2021-02-05 14:53:00.000000,2021-03-29 18:26:00.024868
e5da8352-b120-4443-bf32-d8881dd08a04,rid_5945,pid_2,2021-02-07 11:16:00.000000,2021-02-07 12:12:00.000000,2021-03-29 18:26:00.027175
30f4dedb-2c82-4bc3-ba03-ed03cec8dd2e,rid_6494,pid_26,2021-02-04 12:11:00.000000,2021-02-04 13:13:00.000000,2021-03-29 18:26:00.029382
4c222a67-7690-4eab-94e4-33ed3a182fc1,rid_2170,pid_19,2021-02-02 09:20:00.000000,2021-02-02 10:10:00.000000,2021-03-29 18:26:00.031594
99e41d7c-ff0c-4a44-adba-6ab7c1246896,rid_2503,pid_18,2021-02-07 08:47:00.000000,2021-02-07 09:41:00.000000,2021-03-29 18:26:00.033808
e079b2bc-e96a-4ce9-9aaf-ecd036ae3d69,rid_1624,pid_12,2021-02-04 08:15:00.000000,2021-02-04 09:44:00.000000,2021-03-29 18:26:00.036267
ffd03b92-9f20-4fd7-910c-332883776b2e,rid_1386,pid_24,2021-02-06 14:45:00.000000,2021-02-06 16:03:00.000000,2021-03-29 18:26:00.038531
d83c6a18-9e5a-468f-938a-71247f0c90a1,rid_1541,pid_23,2021-02-07 10:12:00.000000,2021-02-07 11:37:00.000000,2021-03-29 18:26:00.040792
73697920-2adc-445c-92c1-48d1e602ea8d,rid_7878,pid_12,2021-02-05 16:29:00.000000,2021-02-05 18:03:00.000000,2021-03-29 18:26:00.043227
5318a5dc-6132-415a-ab9f-bd94eccf7d13,rid_3127,pid_27,2021-02-01 08:17:00.000000,2021-02-01 08:53:00.000000,2021-03-29 18:26:00.045468
e0f61dbd-2883-421f-ac73-68d572c3e1ce,rid_8543,pid_16,2021-02-03 10:16:00.000000,2021-02-03 11:14:00.000000,2021-03-29 18:26:00.047678
ae90ed54-5a45-4e16-a85e-e44e42f27249,rid_2146,pid_1,2021-02-02 11:00:00.000000,2021-02-02 12:08:00.000000,2021-03-29 18:26:00.049884
24b5351f-4723-466e-98a7-9e8c9c6b86b6,rid_7516,pid_24,2021-02-01 10:38:00.000000,2021-02-01 12:09:00.000000,2021-03-29 18:26:00.052298
9364572c-891c-45ee-acfb-3f07d1ffef01,rid_9963,pid_15,2021-02-04 17:49:00.000000,2021-02-04 19:14:00.000000,2021-03-29 18:26:00.054516
ae948ee3-58db-4f9c-b9e5-f8df396d2b2d,rid_4851,pid_12,2021-02-03 08:18:00.000000,2021-02-03 09:15:00.000000,2021-03-29 18:26:00.056741
47156d9b-821d-40d0-927b-196d60493714,rid_9630,pid_24,2021-02-01 11:02:00.000000,2021-02-01 12:21:00.000000,2021-03-29 18:26:00.059720
c45c9d9f-91a0-4c1c-a154-b86092418d80,rid_5268,pid_16,2021-02-03 08:10:00.000000,2021-02-03 09:19:00.000000,2021-03-29 18:26:00.062265
4b949937-d4ad-4922-a4b2-f655ca802c4b,rid_1465,pid_19,2021-02-07 11:44:00.000000,2021-02-07 12:44:00.000000,2021-03-29 18:26:00.065199
92c46bd3-22c1-4e65-ab8c-063c1b33b8e7,rid_3888,pid_18,2021-02-04 10:16:00.000000,2021-02-04 11:10:00.000000,2021-03-29 18:26:00.068112
d28964ae-b618-4df9-bffe-b63c093feb1b,rid_1983,pid_25,2021-02-04 11:28:00.000000,2021-02-04 12:32:00.000000,2021-03-29 18:26:00.071454
993c73bb-a64c-4557-97dd-768500b3336d,rid_1802,pid_9,2021-02-05 11:29:00.000000,2021-02-05 12:28:00.000000,2021-03-29 18:26:00.074023
af7dd142-9e6f-4ce3-b0fb-7902eaca2abe,rid_8056,pid_28,2021-02-05 14:50:00.000000,2021-02-05 15:18:00.000000,2021-03-29 18:26:00.076375
05b414a0-3ee0-409a-8c34-7bc197ca93c9,rid_4490,pid_21,2021-02-06 17:22:00.000000,2021-02-06 18:05:00.000000,2021-03-29 18:26:00.078950
88085c6a-af06-42a2-8129-489c183b80b0,rid_1434,pid_9,2021-02-05 08:29:00.000000,2021-02-05 09:31:00.000000,2021-03-29 18:26:00.081263
cd1ca8fc-4950-4d50-b826-e85fbba44ee5,rid_4007,pid_17,2021-02-06 17:44:00.000000,2021-02-06 18:41:00.000000,2021-03-29 18:26:00.083782
7f09df09-69c8-44f9-8fb8-b46ff73df018,rid_5341,pid_14,2021-02-07 08:36:00.000000,2021-02-07 08:41:00.000000,2021-03-29 18:26:00.086859
32d79ddb-9f7b-4971-8a7d-af9df4216525,rid_727,pid_6,2021-02-04 19:03:00.000000,2021-02-04 20:22:00.000000,2021-03-29 18:26:00.089650
b2d30ccb-78f1-4eb4-a5a9-7a2ecc8928c0,rid_4634,pid_10,2021-02-03 19:55:00.000000,2021-02-03 21:01:00.000000,2021-03-29 18:26:00.092165
eb6f70e8-5745-44bc-bd55-046eb141e880,rid_403,pid_24,2021-02-06 09:37:00.000000,2021-02-06 10:43:00.000000,2021-03-29 18:26:00.094469
d1fe95a4-1c99-44b8-9e31-37cbbb1d1247,rid_4863,pid_19,2021-02-02 12:20:00.000000,2021-02-02 13:26:00.000000,2021-03-29 18:26:00.097211
3c366f4b-118a-4a18-9ac3-4840a2c8b646,rid_8121,pid_22,2021-02-01 13:08:00.000000,2021-02-01 14:05:00.000000,2021-03-29 18:26:00.099769
f8c90ff5-96f6-4053-a29f-ae0f53730ae0,rid_6354,pid_25,2021-02-02 18:39:00.000000,2021-02-02 19:47:00.000000,2021-03-29 18:26:00.102780
5ac402c0-70f3-4027-b6a8-ad286d554b7f,rid_2265,pid_12,2021-02-05 12:53:00.000000,2021-02-05 14:19:00.000000,2021-03-29 18:26:00.105387
685fa3a2-7315-40bf-86e3-d3f26614cd8d,rid_1731,pid_17,2021-02-03 08:22:00.000000,2021-02-03 09:41:00.000000,2021-03-29 18:26:00.107700
12a510ba-f8f4-4596-828c-de3a24aa3125,rid_8196,pid_10,2021-02-01 11:41:00.000000,2021-02-01 12:25:00.000000,2021-03-29 18:26:00.110223
80c6ef01-1fb7-4344-92cd-642d40735e86,rid_7183,pid_23,2021-02-05 11:13:00.000000,2021-02-05 11:53:00.000000,2021-03-29 18:26:00.113380
81326303-3c1b-4e80-ab96-dda1f719e466,rid_5679,pid_1,2021-02-06 12:31:00.000000,2021-02-06 13:17:00.000000,2021-03-29 18:26:00.116105
4b011a57-8d3b-4188-b9bc-73c750bc514e,rid_7800,pid_11,2021-02-01 15:25:00.000000,2021-02-01 16:42:00.000000,2021-03-29 18:26:00.118947
40bcb8b6-6e4c-4955-b183-4b81f8e09a9b,rid_620,pid_11,2021-02-05 13:04:00.000000,2021-02-05 14:05:00.000000,2021-03-29 18:26:00.121875
452e1381-b249-48af-8ee7-c0984086ee47,rid_9493,pid_5,2021-02-04 17:48:00.000000,2021-02-04 18:25:00.000000,2021-03-29 18:26:00.124769
5a3a37c3-736a-4148-b270-e2673f26c390,rid_2376,pid_6,2021-02-02 08:19:00.000000,2021-02-02 09:44:00.000000,2021-03-29 18:26:00.127595
cb97cc1b-ecf4-4b02-810c-5789430f4b94,rid_931,pid_23,2021-02-03 10:41:00.000000,2021-02-03 11:45:00.000000,2021-03-29 18:26:00.130055
1f9d6380-ee0c-4212-a079-14e7da672cd2,rid_5863,pid_3,2021-02-04 08:28:00.000000,2021-02-04 09:18:00.000000,2021-03-29 18:26:00.132318
d5b8a527-3145-483b-8853-a8b0d3a9e0a4,rid_711,pid_18,2021-02-01 18:20:00.000000,2021-02-01 19:27:00.000000,2021-03-29 18:26:00.134825
11da45d2-6b2e-49c5-aac1-d44b496b241d,rid_9524,pid_9,2021-02-01 09:17:00.000000,2021-02-01 10:24:00.000000,2021-03-29 18:26:00.138125
ac64468b-db12-4d02-aee8-2b78a57cda3a,rid_362,pid_5,2021-02-04 14:57:00.000000,2021-02-04 16:03:00.000000,2021-03-29 18:26:00.140663
f60af356-7c42-4788-9197-9a5d6ce9ce1f,rid_7360,pid_11,2021-02-01 13:19:00.000000,2021-02-01 14:34:00.000000,2021-03-29 18:26:00.143565
8a062f00-89a8-4d0c-9280-643ea85a6e1e,rid_3536,pid_11,2021-02-06 12:59:00.000000,2021-02-06 14:01:00.000000,2021-03-29 18:26:00.146093
8b9e4b5f-62db-4062-8498-2e9f37bda3de,rid_8300,pid_11,2021-02-03 08:13:00.000000,2021-02-03 09:29:00.000000,2021-03-29 18:26:00.148458
8c5937e7-2324-426a-bffd-12fb995c5ce1,rid_9618,pid_16,2021-02-05 09:39:00.000000,2021-02-05 10:45:00.000000,2021-03-29 18:26:00.151077
afb57d19-9c81-4aca-8a53-f42f68846f6e,rid_3661,pid_16,2021-02-07 16:13:00.000000,2021-02-07 17:29:00.000000,2021-03-29 18:26:00.153912
324dfd67-f450-419c-902f-5f79a9748dc6,rid_4014,pid_28,2021-02-05 19:00:00.000000,2021-02-05 19:39:00.000000,2021-03-29 18:26:00.156771
2a5fbc10-e534-4d0e-868a-9b00aca56862,rid_5822,pid_23,2021-02-02 17:51:00.000000,2021-02-02 18:56:00.000000,2021-03-29 18:26:00.159082
06b68bae-6587-4738-9bc5-dd3cd6418c16,rid_1445,pid_28,2021-02-04 11:09:00.000000,2021-02-04 12:08:00.000000,2021-03-29 18:26:00.161383
0a229175-629a-470c-8804-767b2589c277,rid_2088,pid_5,2021-02-03 10:41:00.000000,2021-02-03 11:29:00.000000,2021-03-29 18:26:00.163712
5ce4fa31-a9ca-4918-8571-c670ad079f8b,rid_5592,pid_8,2021-02-07 11:31:00.000000,2021-02-07 12:34:00.000000,2021-03-29 18:26:00.166159
a9c5867d-f169-4a6d-b60a-94a44f4cd28d,rid_7230,pid_26,2021-02-02 08:07:00.000000,2021-02-02 09:30:00.000000,2021-03-29 18:26:00.168627
2c0f2427-9059-4f80-8584-4998e1eda87c,rid_278,pid_13,2021-02-01 17:36:00.000000,2021-02-01 19:02:00.000000,2021-03-29 18:26:00.170942
9040dc5a-a5a0-4aec-9ee6-008933cb5fa6,rid_2164,pid_23,2021-02-07 11:21:00.000000,2021-02-07 12:51:00.000000,2021-03-29 18:26:00.173255
6a607c7f-7604-48fa-8ac5-3bc29f0c362f,rid_8618,pid_25,2021-02-07 08:41:00.000000,2021-02-07 09:27:00.000000,2021-03-29 18:26:00.175615
7fb3b5f2-acf4-46ea-a5ac-a2b1deab20f8,rid_4076,pid_7,2021-02-01 15:52:00.000000,2021-02-01 17:03:00.000000,2021-03-29 18:26:00.177891
b69252cf-5589-4d10-be22-2cbd8c7a5c93,rid_2385,pid_23,2021-02-05 14:36:00.000000,2021-02-05 15:44:00.000000,2021-03-29 18:26:00.180257
9330f622-c3f1-4e6e-9603-9d7b43f420ca,rid_9020,pid_8,2021-02-03 13:25:00.000000,2021-02-03 14:10:00.000000,2021-03-29 18:26:00.182539
06f86967-4991-481c-a69b-606cff36277c,rid_9843,pid_27,2021-02-02 16:00:00.000000,2021-02-02 17:07:00.000000,2021-03-29 18:26:00.184762
22d621a9-a2b4-4180-b08d-46f3777628c2,rid_3045,pid_13,2021-02-02 09:58:00.000000,2021-02-02 10:51:00.000000,2021-03-29 18:26:00.187052
adef3e95-d91b-4e00-83eb-a92594053514,rid_9458,pid_11,2021-02-07 12:26:00.000000,2021-02-07 13:44:00.000000,2021-03-29 18:26:00.189274
d5aa21dc-2575-4ad0-b5ef-f6b22d0c4f6d,rid_6703,pid_9,2021-02-03 13:22:00.000000,2021-02-03 14:20:00.000000,2021-03-29 18:26:00.191484
c8394c49-c1b9-4531-8761-e4f485f06d89,rid_3759,pid_7,2021-02-04 09:37:00.000000,2021-02-04 10:48:00.000000,2021-03-29 18:26:00.193689
51d90868-40c8-4fd6-a478-aaf4b79cf34b,rid_1005,pid_26,2021-02-04 10:46:00.000000,2021-02-04 11:38:00.000000,2021-03-29 18:26:00.195906
4d573b39-ffce-472c-b6d7-53176a95113c,rid_2818,pid_5,2021-02-04 09:00:00.000000,2021-02-04 09:59:00.000000,2021-03-29 18:26:00.198617
def950d3-9747-45df-84ad-9ffd7b39d0bb,rid_1224,pid_14,2021-02-05 18:29:00.000000,2021-02-05 19:09:00.000000,2021-03-29 18:26:00.201184
2e8a0ef0-b6cc-4712-8849-36763f668746,rid_616,pid_4,2021-02-01 10:47:00.000000,2021-02-01 12:05:00.000000,2021-03-29 18:26:00.203432
58f26606-7c77-4453-9095-160bb4ac4553,rid_9467,pid_4,2021-02-06 11:16:00.000000,2021-02-06 12:12:00.000000,2021-03-29 18:26:00.206562
74013204-07b1-4c4e-980e-2b9c18617d14,rid_8180,pid_19,2021-02-03 14:51:00.000000,2021-02-03 16:05:00.000000,2021-03-29 18:26:00.208827
4ed08078-094a-49ef-b340-8b08f0a7147d,rid_5555,pid_11,2021-02-01 16:29:00.000000,2021-02-01 17:46:00.000000,2021-03-29 18:26:00.211090
e7fe8f22-1ffb-4465-80fd-bc03ec36e2d0,rid_1301,pid_13,2021-02-01 20:00:00.000000,2021-02-01 20:40:00.000000,2021-03-29 18:26:00.214159
e321ac16-4440-4e0d-93d5-a0fe4d2593c9,rid_5465,pid_2,2021-02-05 18:26:00.000000,2021-02-05 19:21:00.000000,2021-03-29 18:26:00.216526
fa13c757-ddc4-4aa5-8886-547fff87c81e,rid_3276,pid_20,2021-02-04 14:02:00.000000,2021-02-04 15:02:00.000000,2021-03-29 18:26:00.218809
68753455-38c2-4679-9fd3-b63cb51f408b,rid_6679,pid_1,2021-02-02 14:49:00.000000,2021-02-02 16:00:00.000000,2021-03-29 18:26:00.221457
ced09449-5547-403f-8778-b2c755357851,rid_5210,pid_4,2021-02-07 13:47:00.000000,2021-02-07 15:16:00.000000,2021-03-29 18:26:00.223824
9d6a4394-b8d6-4924-8633-9eed4a3ef54c,rid_8409,pid_25,2021-02-07 10:35:00.000000,2021-02-07 11:37:00.000000,2021-03-29 18:26:00.226123
638da727-690f-4027-8760-c5c197aabb22,rid_9896,pid_6,2021-02-03 11:04:00.000000,2021-02-03 11:51:00.000000,2021-03-29 18:26:00.228761
6a6bd406-ec64-4f75-81b5-afe5ac73bd6c,rid_736,pid_13,2021-02-01 11:16:00.000000,2021-02-01 12:25:00.000000,2021-03-29 18:26:00.231194
b8ab6c0e-94f3-4cbf-9fb8-7a6cd054fa52,rid_6367,pid_17,2021-02-01 11:13:00.000000,2021-02-01 12:13:00.000000,2021-03-29 18:26:00.233482
6e932484-181d-43cb-b74b-db00125a79eb,rid_3445,pid_2,2021-02-01 10:22:00.000000,2021-02-01 11:36:00.000000,2021-03-29 18:26:00.236026
73451e53-afc1-4077-ae22-1ca573ad3bc5,rid_7645,pid_3,2021-02-03 19:01:00.000000,2021-02-03 19:44:00.000000,2021-03-29 18:26:00.238820
f714a58d-2399-4b28-835f-55cb9a1151a3,rid_4368,pid_12,2021-02-06 16:59:00.000000,2021-02-06 17:56:00.000000,2021-03-29 18:26:00.241141
4a419297-12bb-42b4-ba36-41cbe6e2d6f8,rid_855,pid_6,2021-02-05 10:11:00.000000,2021-02-05 11:08:00.000000,2021-03-29 18:26:00.243416
d733605b-54f1-461c-b6ec-277cef0318e9,rid_4775,pid_22,2021-02-03 11:24:00.000000,2021-02-03 12:42:00.000000,2021-03-29 18:26:00.246220
b415f480-6e61-4c9a-98b6-bb2f80467d49,rid_5967,pid_17,2021-02-03 17:36:00.000000,2021-02-03 18:31:00.000000,2021-03-29 18:26:00.249068
f15718e1-fda2-4ca1-a424-296fbb0daaa7,rid_8272,pid_26,2021-02-05 15:54:00.000000,2021-02-05 17:01:00.000000,2021-03-29 18:26:00.251474
b42eb10d-3bb3-42e3-8634-4aba80e12f03,rid_8289,pid_16,2021-02-06 14:18:00.000000,2021-02-06 15:28:00.000000,2021-03-29 18:26:00.254168
33ae8510-92f2-4422-9d7f-ede4e055d6ff,rid_2935,pid_4,2021-02-06 12:42:00.000000,2021-02-06 13:33:00.000000,2021-03-29 18:26:00.256709
90855a86-5f2b-4a60-bd4f-7cbff95edda1,rid_8077,pid_11,2021-02-07 14:36:00.000000,2021-02-07 15:12:00.000000,2021-03-29 18:26:00.259691
b5f6c545-80a5-4bdc-b75b-2a85f601ad86,rid_7963,pid_21,2021-02-03 16:02:00.000000,2021-02-03 17:10:00.000000,2021-03-29 18:26:00.263038
f67c8feb-4fef-4080-991d-b5669b20cf00,rid_4132,pid_15,2021-02-05 16:41:00.000000,2021-02-05 17:39:00.000000,2021-03-29 18:26:00.265910
4ce5013c-a618-49bd-a03c-746330973628,rid_4300,pid_7,2021-02-01 10:21:00.000000,2021-02-01 11:34:00.000000,2021-03-29 18:26:00.268686
829c97e8-7c1e-4119-8032-beeff9ff3077,rid_6574,pid_16,2021-02-07 14:48:00.000000,2021-02-07 15:48:00.000000,2021-03-29 18:26:00.271468
298dafad-06ae-4278-acb9-11dcb21460c9,rid_9032,pid_10,2021-02-01 08:08:00.000000,2021-02-01 09:00:00.000000,2021-03-29 18:26:00.273982
c60deeb9-e15a-4b01-931b-238839d164a3,rid_9230,pid_9,2021-02-07 11:02:00.000000,2021-02-07 12:52:00.000000,2021-03-29 18:26:00.276554
5cb5cf3d-cb31-4c7b-8dde-2d067b6ff65d,rid_827,pid_26,2021-02-03 15:22:00.000000,2021-02-03 16:27:00.000000,2021-03-29 18:26:00.278954
bb9e06c6-c030-4d6b-b7a5-148d66a2667a,rid_6632,pid_18,2021-02-02 19:19:00.000000,2021-02-02 20:30:00.000000,2021-03-29 18:26:00.281347
dbfd662b-7261-4808-b787-528dbd1e4338,rid_5465,pid_13,2021-02-04 17:58:00.000000,2021-02-04 18:58:00.000000,2021-03-29 18:26:00.284398
7813ffca-75ca-4f11-b2d7-d3a8da5fbf86,rid_9568,pid_21,2021-02-05 16:05:00.000000,2021-02-05 17:13:00.000000,2021-03-29 18:26:00.287286
94ee7e2d-d3b7-4127-94dc-6d445e5e8608,rid_3085,pid_28,2021-02-05 14:19:00.000000,2021-02-05 14:43:00.000000,2021-03-29 18:26:00.289919
ff9cff3f-81bf-4f77-9119-9447c847d2f3,rid_1929,pid_1,2021-02-02 19:15:00.000000,2021-02-02 20:12:00.000000,2021-03-29 18:26:00.292482
e5be0cd9-32c1-40a0-b635-86fc0b9494ab,rid_4895,pid_3,2021-02-03 13:30:00.000000,2021-02-03 14:19:00.000000,2021-03-29 18:26:00.295105
4db57f1b-3a07-447f-8f4d-87d391085018,rid_984,pid_3,2021-02-06 09:30:00.000000,2021-02-06 10:58:00.000000,2021-03-29 18:26:00.297763
2c57ca0f-0ddd-4e33-b8fc-41ae06a6b161,rid_4608,pid_3,2021-02-05 19:11:00.000000,2021-02-05 19:56:00.000000,2021-03-29 18:26:00.300742
74d7599e-c40c-4809-868b-da3a75a1d274,rid_4627,pid_25,2021-02-03 12:55:00.000000,2021-02-03 14:15:00.000000,2021-03-29 18:26:00.303302
de30f6cf-0e11-4d35-87bf-065f9b8b5dba,rid_8073,pid_17,2021-02-03 09:39:00.000000,2021-02-03 10:46:00.000000,2021-03-29 18:26:00.305861
d817296d-6a2a-4c88-a0f1-e253010ea410,rid_5531,pid_25,2021-02-03 19:45:00.000000,2021-02-03 20:31:00.000000,2021-03-29 18:26:00.308677
0f2adaba-ec53-4fba-9a8c-4b086296026f,rid_3904,pid_21,2021-02-03 09:33:00.000000,2021-02-03 10:32:00.000000,2021-03-29 18:26:00.311442
75510c7e-fa2e-4ae0-b5aa-78eab31660c9,rid_4674,pid_16,2021-02-07 12:21:00.000000,2021-02-07 13:20:00.000000,2021-03-29 18:26:00.314279
4bb5fea9-8ee3-4f9d-8aa8-4990e6435886,rid_6642,pid_25,2021-02-02 15:01:00.000000,2021-02-02 15:47:00.000000,2021-03-29 18:26:00.316891
83fd76f0-9745-4de4-a8cb-b094403cd131,rid_2535,pid_10,2021-02-01 10:10:00.000000,2021-02-01 11:30:00.000000,2021-03-29 18:26:00.319800
dd92c90f-20d7-4d7d-8c5f-b3486315056b,rid_9982,pid_17,2021-02-06 11:35:00.000000,2021-02-06 12:43:00.000000,2021-03-29 18:26:00.322618
0cf6bfbe-5604-406a-9b6a-a89f573032ea,rid_4014,pid_14,2021-02-05 17:12:00.000000,2021-02-05 17:59:00.000000,2021-03-29 18:26:00.325418
2128b199-b7f7-43cb-b61c-ef3f9ea3cade,rid_9858,pid_20,2021-02-06 14:54:00.000000,2021-02-06 15:53:00.000000,2021-03-29 18:26:00.328161
18bc8960-8d1b-41c1-ac70-8d1a1ce60711,rid_5824,pid_6,2021-02-07 15:17:00.000000,2021-02-07 16:26:00.000000,2021-03-29 18:26:00.330865
41599be3-867b-49a0-a40b-7f288482b019,rid_5725,pid_22,2021-02-04 13:18:00.000000,2021-02-04 13:55:00.000000,2021-03-29 18:26:00.333459
c5796f95-2951-4055-98d9-b592ff9760b7,rid_7890,pid_4,2021-02-06 15:16:00.000000,2021-02-06 16:08:00.000000,2021-03-29 18:26:00.336589
12dde699-ee56-4d19-8efc-7ca259f1030f,rid_2825,pid_1,2021-02-04 11:43:00.000000,2021-02-04 12:49:00.000000,2021-03-29 18:26:00.339183
1252553f-53de-4468-8c84-ce076b1e939a,rid_5202,pid_17,2021-02-02 14:06:00.000000,2021-02-02 15:19:00.000000,2021-03-29 18:26:00.341542
2be98a42-2a21-47d0-b10b-5fb79c86ec46,rid_165,pid_27,2021-02-06 14:42:00.000000,2021-02-06 15:47:00.000000,2021-03-29 18:26:00.344617
d151ba4b-4b5b-4a54-9a33-e800936e9966,rid_591,pid_5,2021-02-07 17:41:00.000000,2021-02-07 18:50:00.000000,2021-03-29 18:26:00.347623
9bee2227-8a79-4eee-b3d1-0c287449bcf2,rid_6704,pid_21,2021-02-05 12:18:00.000000,2021-02-05 12:57:00.000000,2021-03-29 18:26:00.350334
374c7b92-9436-46be-b253-87e7d11213bb,rid_4116,pid_6,2021-02-02 14:53:00.000000,2021-02-02 15:34:00.000000,2021-03-29 18:26:00.353275
55972e36-5394-42ba-a55d-9b4bf4ef900a,rid_8625,pid_3,2021-02-02 09:07:00.000000,2021-02-02 10:02:00.000000,2021-03-29 18:26:00.355800
96271982-a84a-431b-8e1e-46c9d06cd43c,rid_7933,pid_18,2021-02-01 19:05:00.000000,2021-02-01 19:45:00.000000,2021-03-29 18:26:00.358234
75eb19a9-10ee-4ed4-844a-3506a72f6571,rid_1900,pid_18,2021-02-07 13:50:00.000000,2021-02-07 14:17:00.000000,2021-03-29 18:26:00.361158
80df7be5-33d2-4feb-8e34-c8c843d261c2,rid_7098,pid_9,2021-02-02 08:01:00.000000,2021-02-02 08:49:00.000000,2021-03-29 18:26:00.364006
a8768c75-78ab-469d-9453-7f5cbc6c87ae,rid_8120,pid_12,2021-02-04 13:06:00.000000,2021-02-04 14:35:00.000000,2021-03-29 18:26:00.366548
f1f6299e-bc0f-4832-a324-c36fe8d3f7cf,rid_2762,pid_4,2021-02-07 13:25:00.000000,2021-02-07 14:31:00.000000,2021-03-29 18:26:00.369006
43b9695c-4516-43e6-9dce-c656256d3d8b,rid_8608,pid_9,2021-02-02 17:30:00.000000,2021-02-02 18:31:00.000000,2021-03-29 18:26:00.371570
4cce3771-a4a7-4766-b116-26fb1593aeb5,rid_3505,pid_20,2021-02-03 12:54:00.000000,2021-02-03 13:10:00.000000,2021-03-29 18:26:00.373939
cfa65a2f-8719-42c8-8877-c411ed9ff254,rid_6660,pid_4,2021-02-07 10:18:00.000000,2021-02-07 10:45:00.000000,2021-03-29 18:26:00.376607
e9c50753-d694-4301-bf9c-2e433e12a499,rid_4807,pid_25,2021-02-02 15:56:00.000000,2021-02-02 16:46:00.000000,2021-03-29 18:26:00.379080
4a774e92-df7d-47c1-a5c6-e0c07221ffd7,rid_6329,pid_22,2021-02-01 14:49:00.000000,2021-02-01 15:43:00.000000,2021-03-29 18:26:00.381377
84be1786-7033-4a5d-9145-64638ebe3d27,rid_1459,pid_12,2021-02-03 13:37:00.000000,2021-02-03 14:29:00.000000,2021-03-29 18:26:00.383719
6c18b83f-a1d9-4072-9917-600b8632ad62,rid_2026,pid_23,2021-02-05 19:36:00.000000,2021-02-05 20:29:00.000000,2021-03-29 18:26:00.386254
b138946e-373a-4057-b257-2e1800db2b7b,rid_4211,pid_12,2021-02-05 12:30:00.000000,2021-02-05 13:37:00.000000,2021-03-29 18:26:00.388531
802daaa7-fc15-41eb-9c62-1d8c2550782d,rid_5358,pid_17,2021-02-07 11:46:00.000000,2021-02-07 12:29:00.000000,2021-03-29 18:26:00.390806
a5f5523e-56e5-4c17-b138-f42c7dbdd3c1,rid_3188,pid_26,2021-02-05 13:49:00.000000,2021-02-05 14:29:00.000000,2021-03-29 18:26:00.393111
b9de26e8-d94e-4d73-8d3f-ab18a70d40d4,rid_2229,pid_15,2021-02-03 10:12:00.000000,2021-02-03 11:08:00.000000,2021-03-29 18:26:00.395367
ba509ea9-1e96-41f8-a319-6c312bb92c47,rid_5427,pid_23,2021-02-07 18:00:00.000000,2021-02-07 18:28:00.000000,2021-03-29 18:26:00.397607
31b4e61f-d5d5-483e-a71d-897c87ffe89e,rid_1816,pid_26,2021-02-07 13:13:00.000000,2021-02-07 13:35:00.000000,2021-03-29 18:26:00.399873
57c32012-0726-4264-835f-8b5fa4615a05,rid_8121,pid_4,2021-02-02 12:24:00.000000,2021-02-02 13:27:00.000000,2021-03-29 18:26:00.402142
b50c814d-1701-445c-97e6-ca09d2143d7f,rid_3326,pid_24,2021-02-02 10:24:00.000000,2021-02-02 11:53:00.000000,2021-03-29 18:26:00.404358
96e69b51-327e-4c37-bfd4-abe8d76b2085,rid_5508,pid_20,2021-02-07 19:33:00.000000,2021-02-07 20:28:00.000000,2021-03-29 18:26:00.406551
659ade11-2135-45e4-b0b4-898fef836772,rid_7342,pid_8,2021-02-05 13:37:00.000000,2021-02-05 13:59:00.000000,2021-03-29 18:26:00.408818
339bcbac-639b-48bf-99f0-76658a662d6e,rid_3546,pid_11,2021-02-05 19:31:00.000000,2021-02-05 20:27:00.000000,2021-03-29 18:26:00.411036
810e43bc-1935-4e4f-9651-5559458039b9,rid_6371,pid_22,2021-02-04 11:32:00.000000,2021-02-04 12:03:00.000000,2021-03-29 18:26:00.413238
77cfad84-4180-4c98-9193-fc31908bea35,rid_7285,pid_28,2021-02-02 10:46:00.000000,2021-02-02 11:25:00.000000,2021-03-29 18:26:00.416260
eb5ffaf8-02fb-4589-b4a9-6602fe3d0eb7,rid_5976,pid_25,2021-02-03 18:21:00.000000,2021-02-03 19:32:00.000000,2021-03-29 18:26:00.418707
c975bbae-c740-4fcd-ac61-59921bff0c96,rid_3488,pid_28,2021-02-07 11:10:00.000000,2021-02-07 12:37:00.000000,2021-03-29 18:26:00.420929
ded01168-f083-4323-bbab-78bd592e7c2c,rid_299,pid_14,2021-02-05 13:47:00.000000,2021-02-05 15:12:00.000000,2021-03-29 18:26:00.423190
f22178e0-b63f-4465-a1fd-b0d55366186b,rid_9560,pid_15,2021-02-05 15:38:00.000000,2021-02-05 16:09:00.000000,2021-03-29 18:26:00.425387
75574978-e5d2-4cb0-b6e4-b9316a829679,rid_6880,pid_10,2021-02-07 09:41:00.000000,2021-02-07 10:37:00.000000,2021-03-29 18:26:00.427619
9e6033eb-dc77-4861-8044-84417866483a,rid_4340,pid_7,2021-02-05 09:45:00.000000,2021-02-05 10:42:00.000000,2021-03-29 18:26:00.429816
d100f204-098d-4b8e-a831-baf1a37cc36c,rid_2416,pid_27,2021-02-01 19:58:00.000000,2021-02-01 20:10:00.000000,2021-03-29 18:26:00.432045
15e5a447-30cc-4b6e-88ff-717afb406423,rid_8904,pid_16,2021-02-06 14:57:00.000000,2021-02-06 16:49:00.000000,2021-03-29 18:26:00.434247
549873a7-0f7d-4280-b1a3-1ffad03b1949,rid_2875,pid_2,2021-02-01 12:00:00.000000,2021-02-01 12:55:00.000000,2021-03-29 18:26:00.436695
ab5bbbf6-99d7-4de1-bbf6-1ccab26138f4,rid_2240,pid_24,2021-02-04 10:21:00.000000,2021-02-04 11:42:00.000000,2021-03-29 18:26:00.440073
f274db9f-ae0e-4793-9627-d26f6efdf80f,rid_6535,pid_18,2021-02-07 19:07:00.000000,2021-02-07 19:52:00.000000,2021-03-29 18:26:00.443989
6092a758-e606-4211-b739-0b3a06a5a824,rid_7333,pid_5,2021-02-04 18:41:00.000000,2021-02-04 20:02:00.000000,2021-03-29 18:26:00.446358
45f02107-36b6-4477-a787-60e105c13942,rid_8322,pid_27,2021-02-04 16:18:00.000000,2021-02-04 17:17:00.000000,2021-03-29 18:26:00.448636
6ccc1f39-9fe9-4d68-bc84-bc793aabb0a5,rid_3362,pid_25,2021-02-01 17:53:00.000000,2021-02-01 19:33:00.000000,2021-03-29 18:26:00.451020
12f19c6a-2e56-41f7-a270-f9ac0ae31496,rid_9548,pid_27,2021-02-04 14:43:00.000000,2021-02-04 15:15:00.000000,2021-03-29 18:26:00.453693
d25b6a94-690c-4895-ba3c-aee7d8eb02d9,rid_878,pid_4,2021-02-05 18:07:00.000000,2021-02-05 18:42:00.000000,2021-03-29 18:26:00.456186
7a00eef9-9b5f-4f0b-a88f-6f17ea2f5e9a,rid_9907,pid_1,2021-02-07 11:24:00.000000,2021-02-07 12:11:00.000000,2021-03-29 18:26:00.458485
c40e8c68-a817-45bc-982c-0d5fe08ba9e0,rid_4002,pid_7,2021-02-03 14:29:00.000000,2021-02-03 15:32:00.000000,2021-03-29 18:26:00.460764
23e4aaf5-ebcf-42ff-8e12-6b49ac13a1b0,rid_3135,pid_14,2021-02-01 11:07:00.000000,2021-02-01 11:56:00.000000,2021-03-29 18:26:00.463037
455e8bfb-0722-47a4-90e7-ceb84dcca9f7,rid_1465,pid_3,2021-02-07 10:46:00.000000,2021-02-07 11:44:00.000000,2021-03-29 18:26:00.465395
06d19bc9-0002-4972-a598-0b5399f34068,rid_9177,pid_10,2021-02-03 18:55:00.000000,2021-02-03 20:14:00.000000,2021-03-29 18:26:00.468648
3ab8e54f-6d9f-4de5-99a1-6ff8e6cc06d0,rid_3371,pid_28,2021-02-01 18:13:00.000000,2021-02-01 18:54:00.000000,2021-03-29 18:26:00.471368
a5b85c6f-ceb7-4e59-b880-f2c636f418df,rid_2951,pid_26,2021-02-01 17:24:00.000000,2021-02-01 18:22:00.000000,2021-03-29 18:26:00.474340
517e569d-9c00-4c99-ac56-97aa56f2d2b4,rid_1848,pid_26,2021-02-03 18:18:00.000000,2021-02-03 19:49:00.000000,2021-03-29 18:26:00.476769
bf5b0e76-a234-485b-9ec9-c550c84b5cdd,rid_874,pid_15,2021-02-01 08:01:00.000000,2021-02-01 08:54:00.000000,2021-03-29 18:26:00.479071
4eeb7124-5497-4293-8303-95e06fa26fa2,rid_2366,pid_7,2021-02-06 11:31:00.000000,2021-02-06 12:19:00.000000,2021-03-29 18:26:00.481418
0d2ba931-77f3-458c-8056-ff2f84695d6d,rid_2445,pid_26,2021-02-03 10:47:00.000000,2021-02-03 12:16:00.000000,2021-03-29 18:26:00.484200
e7b2f33c-fa5a-437d-9dd5-ba9fdecd4b72,rid_3796,pid_28,2021-02-01 13:06:00.000000,2021-02-01 14:07:00.000000,2021-03-29 18:26:00.487467
a42e903e-d821-42dc-ba7a-8bff1cffbb74,rid_9292,pid_22,2021-02-03 11:50:00.000000,2021-02-03 12:23:00.000000,2021-03-29 18:26:00.490046
6bf4dab5-db12-429c-946f-6fd2230fd25f,rid_7470,pid_26,2021-02-04 12:56:00.000000,2021-02-04 14:04:00.000000,2021-03-29 18:26:00.492273
9ec64754-5f87-4652-8ee7-febe6bb37ef8,rid_4869,pid_10,2021-02-04 19:27:00.000000,2021-02-04 20:32:00.000000,2021-03-29 18:26:00.494653
67ae77d5-f952-4c8a-98d9-3569d7fdbbd2,rid_4543,pid_8,2021-02-03 10:35:00.000000,2021-02-03 11:04:00.000000,2021-03-29 18:26:00.497453
90c129da-78d7-4999-b7ac-d6cd1ef07af1,rid_9552,pid_27,2021-02-07 16:57:00.000000,2021-02-07 17:43:00.000000,2021-03-29 18:26:00.500113
76223e75-a17d-49c6-8620-49d9defdfb35,rid_9798,pid_22,2021-02-04 08:25:00.000000,2021-02-04 09:50:00.000000,2021-03-29 18:26:00.503215
9defd40b-6a9b-4767-bf5b-f87b450891a3,rid_158,pid_8,2021-02-04 17:04:00.000000,2021-02-04 17:41:00.000000,2021-03-29 18:26:00.505770
32f84384-f3d1-41c0-9224-12e2b0ebbb32,rid_9678,pid_17,2021-02-01 11:48:00.000000,2021-02-01 13:15:00.000000,2021-03-29 18:26:00.508288
ebadca53-004e-4d93-adde-f88d210c87e6,rid_633,pid_26,2021-02-07 13:25:00.000000,2021-02-07 14:29:00.000000,2021-03-29 18:26:00.510884
b9af7d0f-fb1d-4686-a2a2-1dff6d34b34e,rid_342,pid_9,2021-02-04 16:41:00.000000,2021-02-04 17:34:00.000000,2021-03-29 18:26:00.513530
6d50f936-f79a-4325-9ac7-f39814ab4f9a,rid_3399,pid_23,2021-02-05 09:29:00.000000,2021-02-05 10:04:00.000000,2021-03-29 18:26:00.515894
339e4860-cd47-409c-a89e-b65a5199e5c4,rid_1231,pid_12,2021-02-04 09:29:00.000000,2021-02-04 10:35:00.000000,2021-03-29 18:26:00.518506
fa9333f0-c884-43c2-a3ea-507f580dd5ab,rid_3314,pid_25,2021-02-07 17:56:00.000000,2021-02-07 18:22:00.000000,2021-03-29 18:26:00.521598
ef00f8db-bbf5-4ff0-ad4a-bebc72be2cad,rid_6887,pid_5,2021-02-05 08:03:00.000000,2021-02-05 09:27:00.000000,2021-03-29 18:26:00.524219
13ac2381-f557-4b65-956d-a9111c17f343,rid_7205,pid_3,2021-02-05 18:55:00.000000,2021-02-05 19:54:00.000000,2021-03-29 18:26:00.526921
5c94e21a-e1de-46e1-924e-bc71b32af84a,rid_4922,pid_22,2021-02-07 08:21:00.000000,2021-02-07 08:56:00.000000,2021-03-29 18:26:00.529363
74bdb9f3-9e41-4b97-8f24-e961afffe9d6,rid_4481,pid_18,2021-02-07 11:12:00.000000,2021-02-07 11:49:00.000000,2021-03-29 18:26:00.531708
e3ca81fc-f798-4173-83b4-44f4f5a42e56,rid_5883,pid_10,2021-02-06 15:19:00.000000,2021-02-06 16:28:00.000000,2021-03-29 18:26:00.534410
e0f31792-bfa3-482c-a384-e3ad2a9fc643,rid_8332,pid_4,2021-02-04 15:06:00.000000,2021-02-04 15:45:00.000000,2021-03-29 18:26:00.537315
3a035378-bf8b-4d40-9cde-694c3b4c71d6,rid_790,pid_6,2021-02-01 18:48:00.000000,2021-02-01 19:40:00.000000,2021-03-29 18:26:00.541019
1a81d28e-8507-4be4-95ec-f3eaf2a65e9d,rid_4856,pid_1,2021-02-07 15:43:00.000000,2021-02-07 16:19:00.000000,2021-03-29 18:26:00.543466
e732d86c-90aa-47af-888c-d5f5ae9dc05b,rid_2016,pid_9,2021-02-07 17:15:00.000000,2021-02-07 18:01:00.000000,2021-03-29 18:26:00.546135
33c251cb-fa2d-43cc-994b-fc1ff8d021bb,rid_6506,pid_28,2021-02-02 16:33:00.000000,2021-02-02 17:45:00.000000,2021-03-29 18:26:00.548689
ba310866-1e49-42df-a3d9-05a6682c7a69,rid_8492,pid_4,2021-02-01 15:29:00.000000,2021-02-01 16:55:00.000000,2021-03-29 18:26:00.551542
20c53dc9-8de8-48c1-9f3e-956a05fc76dc,rid_8814,pid_25,2021-02-03 14:18:00.000000,2021-02-03 15:10:00.000000,2021-03-29 18:26:00.554763
7034f268-0add-4d66-880f-4e46a1bb2635,rid_8516,pid_24,2021-02-01 11:02:00.000000,2021-02-01 12:26:00.000000,2021-03-29 18:26:00.557249
7c83d125-e116-48ee-bf2f-a4bf76eed0c3,rid_8517,pid_22,2021-02-06 08:20:00.000000,2021-02-06 09:33:00.000000,2021-03-29 18:26:00.559813
ff1a41ee-9cdb-441e-9fab-8c41d02a7ffd,rid_6100,pid_27,2021-02-01 11:31:00.000000,2021-02-01 12:44:00.000000,2021-03-29 18:26:00.562328
37550253-dda9-42a0-9e41-6b0dcb41491e,rid_5577,pid_9,2021-02-06 16:17:00.000000,2021-02-06 17:27:00.000000,2021-03-29 18:26:00.565012
70f7ecee-fcfc-423e-9329-cfcbffffc552,rid_5674,pid_4,2021-02-03 16:19:00.000000,2021-02-03 17:07:00.000000,2021-03-29 18:26:00.567476
d2b05baa-0988-4636-b830-0d05c19cbacb,rid_875,pid_1,2021-02-05 19:17:00.000000,2021-02-05 20:10:00.000000,2021-03-29 18:26:00.570660
ea4a5cbe-65e5-44d1-bb42-e4dc3706d85a,rid_2693,pid_2,2021-02-06 17:15:00.000000,2021-02-06 17:52:00.000000,2021-03-29 18:26:00.573530
5d38f87b-56c6-4623-a06e-27e485b660ff,rid_6659,pid_8,2021-02-04 11:37:00.000000,2021-02-04 12:36:00.000000,2021-03-29 18:26:00.575950
e7702a7f-48f6-44e3-9199-73d6190f0f78,rid_9050,pid_28,2021-02-06 17:43:00.000000,2021-02-06 18:41:00.000000,2021-03-29 18:26:00.578536
9ccc355a-6333-4882-8c99-4b46b58a2608,rid_5927,pid_4,2021-02-03 13:35:00.000000,2021-02-03 15:06:00.000000,2021-03-29 18:26:00.581062
f34ef6be-626f-4f78-972d-a78ab21373b7,rid_1041,pid_21,2021-02-02 08:31:00.000000,2021-02-02 09:15:00.000000,2021-03-29 18:26:00.583395
c0f0c063-2a68-404f-8d84-24314b4a5504,rid_2349,pid_13,2021-02-04 18:02:00.000000,2021-02-04 18:48:00.000000,2021-03-29 18:26:00.586153
3ab69a9e-afe2-4075-9e68-247b262ea87d,rid_8888,pid_26,2021-02-02 10:21:00.000000,2021-02-02 11:41:00.000000,2021-03-29 18:26:00.588758
ab20bcf5-c4db-40e2-b2d4-e22b76dcb278,rid_9897,pid_10,2021-02-07 17:24:00.000000,2021-02-07 18:39:00.000000,2021-03-29 18:26:00.591093
12cd5dee-40b6-459c-8411-69f84e1c5522,rid_5614,pid_26,2021-02-06 16:02:00.000000,2021-02-06 17:10:00.000000,2021-03-29 18:26:00.593374
8a25ba7e-0076-4374-b74c-fe5e47e286fc,rid_9352,pid_15,2021-02-07 18:51:00.000000,2021-02-07 18:59:00.000000,2021-03-29 18:26:00.595629
9c9316e1-9ca2-4f2f-bc19-e2259deee8ef,rid_8360,pid_26,2021-02-03 19:49:00.000000,2021-02-03 20:29:00.000000,2021-03-29 18:26:00.597872
0d4598c0-9b49-41af-a6db-7f2a951d8619,rid_1518,pid_28,2021-02-07 17:15:00.000000,2021-02-07 18:27:00.000000,2021-03-29 18:26:00.600129
9864308d-dbd2-4417-95eb-441de2d0a1b6,rid_2116,pid_10,2021-02-07 16:09:00.000000,2021-02-07 17:39:00.000000,2021-03-29 18:26:00.602574
0ffe0e6e-fcec-4eff-9183-36858c928069,rid_9145,pid_15,2021-02-06 18:20:00.000000,2021-02-06 19:39:00.000000,2021-03-29 18:26:00.604842
e28554c4-d0d7-47a7-bc1e-f167af99ab6b,rid_9532,pid_7,2021-02-05 08:47:00.000000,2021-02-05 09:02:00.000000,2021-03-29 18:26:00.607184
91484678-10ed-45d3-b820-88764e97fa7e,rid_1037,pid_3,2021-02-06 14:30:00.000000,2021-02-06 15:28:00.000000,2021-03-29 18:26:00.609510
80862eb8-35fe-4b71-ab22-1d8ba9e5b999,rid_5624,pid_14,2021-02-07 11:20:00.000000,2021-02-07 12:13:00.000000,2021-03-29 18:26:00.611775
0053cc29-a515-4375-87a9-53d7d1837aea,rid_1442,pid_6,2021-02-07 14:43:00.000000,2021-02-07 16:11:00.000000,2021-03-29 18:26:00.614020
e2168c84-038e-48c2-9052-af0aa3d1e4a4,rid_5295,pid_28,2021-02-02 19:00:00.000000,2021-02-02 21:01:00.000000,2021-03-29 18:26:00.616214
b2b509e8-4e26-4c95-8213-67075686cacc,rid_7443,pid_15,2021-02-02 15:04:00.000000,2021-02-02 15:55:00.000000,2021-03-29 18:26:00.618455
96cddfad-cf9d-4e75-8a51-3be55d9c7a72,rid_8940,pid_14,2021-02-07 17:50:00.000000,2021-02-07 18:41:00.000000,2021-03-29 18:26:00.620651
85129463-d0d9-48b0-affe-ed6631475b0c,rid_7114,pid_8,2021-02-01 17:39:00.000000,2021-02-01 18:43:00.000000,2021-03-29 18:26:00.622842
2e6b6492-42b4-4bde-8687-6cc48204d425,rid_5829,pid_9,2021-02-05 15:52:00.000000,2021-02-05 17:15:00.000000,2021-03-29 18:26:00.625236
d26af6bd-b58c-4d2c-b5fc-6e171beb27c9,rid_6822,pid_18,2021-02-04 16:25:00.000000,2021-02-04 17:46:00.000000,2021-03-29 18:26:00.627457
10458141-ae8d-4fab-8ddc-b8980f7f8489,rid_9592,pid_20,2021-02-05 14:41:00.000000,2021-02-05 14:47:00.000000,2021-03-29 18:26:00.629660
47938978-2101-4953-ac4a-f588fd8dd30c,rid_5927,pid_12,2021-02-06 15:57:00.000000,2021-02-06 16:14:00.000000,2021-03-29 18:26:00.631936
57625da8-6ed1-4dcd-8a76-4af1e54cceed,rid_3106,pid_3,2021-02-06 15:23:00.000000,2021-02-06 16:23:00.000000,2021-03-29 18:26:00.634139
355476b1-4daf-41ef-8c9c-b8a7c9e9a750,rid_1119,pid_21,2021-02-07 12:08:00.000000,2021-02-07 12:50:00.000000,2021-03-29 18:26:00.636411
ced43667-7c83-42dd-9c56-db009a2078e1,rid_6070,pid_27,2021-02-02 11:34:00.000000,2021-02-02 12:29:00.000000,2021-03-29 18:26:00.638609
e00bd61b-8201-4563-ad44-d260602619e2,rid_3157,pid_28,2021-02-02 09:38:00.000000,2021-02-02 11:12:00.000000,2021-03-29 18:26:00.641576
65ab1915-8e9a-41fe-8c40-8a8ca01b8df9,rid_9572,pid_28,2021-02-01 14:05:00.000000,2021-02-01 15:41:00.000000,2021-03-29 18:26:00.643883
67c6e1e2-90c1-4fe2-9099-24fdf8229a32,rid_2379,pid_18,2021-02-01 19:13:00.000000,2021-02-01 20:25:00.000000,2021-03-29 18:26:00.646087
c83def30-37f2-4a40-ab29-4ce70810ee6d,rid_8107,pid_23,2021-02-03 12:10:00.000000,2021-02-03 13:42:00.000000,2021-03-29 18:26:00.648271
c9620921-0ede-402e-abbd-cb0beb58a9fb,rid_4075,pid_27,2021-02-03 09:45:00.000000,2021-02-03 10:23:00.000000,2021-03-29 18:26:00.650504
782fd680-8a72-4622-a0c1-479098661754,rid_9722,pid_13,2021-02-04 18:53:00.000000,2021-02-04 19:46:00.000000,2021-03-29 18:26:00.652759
b7091d4c-5034-4a6d-ab2a-600d188ccecc,rid_5525,pid_22,2021-02-04 14:10:00.000000,2021-02-04 15:09:00.000000,2021-03-29 18:26:00.655717
3f4b5dae-1419-4ede-bf24-cdcbd1b10dd2,rid_8479,pid_21,2021-02-02 12:59:00.000000,2021-02-02 14:14:00.000000,2021-03-29 18:26:00.658003
c33b0665-3a67-40b5-909f-222e031807e5,rid_4873,pid_18,2021-02-02 11:55:00.000000,2021-02-02 12:46:00.000000,2021-03-29 18:26:00.660405
2d61f720-1d1a-4e01-af38-92795f6c6200,rid_2437,pid_17,2021-02-01 08:25:00.000000,2021-02-01 09:33:00.000000,2021-03-29 18:26:00.662621
354af81d-2865-4fe8-8d95-5ff0064d4579,rid_3509,pid_24,2021-02-03 11:08:00.000000,2021-02-03 11:53:00.000000,2021-03-29 18:26:00.664817
4253b367-26c3-4b97-ac54-b9728e736d91,rid_2055,pid_2,2021-02-05 18:49:00.000000,2021-02-05 19:44:00.000000,2021-03-29 18:26:00.667054
352c5e0f-ccf2-45c5-8b02-2f0169c4b5ed,rid_9082,pid_7,2021-02-06 08:25:00.000000,2021-02-06 09:35:00.000000,2021-03-29 18:26:00.669247
0a791df0-70a5-47e1-b9af-592f2a72f97a,rid_1864,pid_17,2021-02-05 10:47:00.000000,2021-02-05 11:28:00.000000,2021-03-29 18:26:00.671527
56c23ec1-d723-46e0-91d1-46ef151edc3b,rid_9416,pid_27,2021-02-06 15:20:00.000000,2021-02-06 16:28:00.000000,2021-03-29 18:26:00.673727
467797c1-011a-4734-b105-8be7d0a8147b,rid_6639,pid_24,2021-02-02 12:24:00.000000,2021-02-02 13:17:00.000000,2021-03-29 18:26:00.675928
961f7131-f87b-4ac5-9e90-4e37c78c0712,rid_5236,pid_5,2021-02-03 13:15:00.000000,2021-02-03 13:53:00.000000,2021-03-29 18:26:00.679648
ca223bfc-05c0-40a2-b448-f4b1c6216849,rid_796,pid_7,2021-02-04 13:03:00.000000,2021-02-04 13:42:00.000000,2021-03-29 18:26:00.682403
0c514933-5e3a-40a0-9788-28eb1a056b42,rid_943,pid_10,2021-02-05 18:40:00.000000,2021-02-05 20:04:00.000000,2021-03-29 18:26:00.685060
2e0a5e7e-1afe-4c86-a411-ae0edb61e122,rid_3482,pid_14,2021-02-02 18:43:00.000000,2021-02-02 19:13:00.000000,2021-03-29 18:26:00.687857
9b1d3b24-1f8d-4cd6-8a1a-dba82750682c,rid_4702,pid_10,2021-02-02 08:37:00.000000,2021-02-02 09:19:00.000000,2021-03-29 18:26:00.690265
57cc1c0d-0b0c-4f06-819a-4534fcd76f19,rid_3240,pid_21,2021-02-01 11:18:00.000000,2021-02-01 12:17:00.000000,2021-03-29 18:26:00.693045
03ffc137-fb21-415e-b2f2-f9122f0769b5,rid_5022,pid_2,2021-02-04 10:21:00.000000,2021-02-04 11:20:00.000000,2021-03-29 18:26:00.695788
6937a88b-6341-4d24-b19d-321179ffb5c9,rid_2486,pid_15,2021-02-07 14:46:00.000000,2021-02-07 15:48:00.000000,2021-03-29 18:26:00.698240
b1e8eeb0-984d-4253-9c7a-7a050ada8f01,rid_5399,pid_12,2021-02-01 13:29:00.000000,2021-02-01 14:42:00.000000,2021-03-29 18:26:00.700681
67da5590-4152-4789-9b8a-693e08c86fa5,rid_8660,pid_10,2021-02-02 17:38:00.000000,2021-02-02 18:34:00.000000,2021-03-29 18:26:00.704070
3d1676e7-f4d8-44ce-8b92-e97b491ecab0,rid_7599,pid_6,2021-02-04 16:59:00.000000,2021-02-04 18:03:00.000000,2021-03-29 18:26:00.706905
af8a4db3-9207-4c24-b0ee-50423b040950,rid_3522,pid_20,2021-02-01 14:57:00.000000,2021-02-01 16:03:00.000000,2021-03-29 18:26:00.709594
f633a49e-42ce-4223-b36a-dfbcb9df9d85,rid_9494,pid_11,2021-02-06 08:47:00.000000,2021-02-06 09:45:00.000000,2021-03-29 18:26:00.712053
c1697f97-c1f1-4671-b56b-d2759d2370d2,rid_3512,pid_3,2021-02-07 17:02:00.000000,2021-02-07 17:57:00.000000,2021-03-29 18:26:00.714341
6879b107-a07c-4d80-90d4-c4f30d343b74,rid_8878,pid_25,2021-02-02 17:50:00.000000,2021-02-02 18:48:00.000000,2021-03-29 18:26:00.716649
2e7f0182-422e-4e78-8b33-bc7b33e925bc,rid_9098,pid_8,2021-02-03 16:25:00.000000,2021-02-03 18:13:00.000000,2021-03-29 18:26:00.719910
5f5bb707-fc05-4754-8d5a-093cee22feab,rid_7280,pid_17,2021-02-05 09:16:00.000000,2021-02-05 10:18:00.000000,2021-03-29 18:26:00.722806
fa3522f2-7b66-4d4c-8c39-0e64c24565b9,rid_8155,pid_11,2021-02-06 12:07:00.000000,2021-02-06 13:18:00.000000,2021-03-29 18:26:00.725827
ad091eac-03f9-42c4-a6d6-c4eecaf91b3b,rid_2497,pid_12,2021-02-05 08:24:00.000000,2021-02-05 09:17:00.000000,2021-03-29 18:26:00.728618
081db99f-1833-4c82-b031-750b2b50f8e0,rid_2401,pid_22,2021-02-03 10:44:00.000000,2021-02-03 11:37:00.000000,2021-03-29 18:26:00.731342
0e0286f4-d729-46e5-b4be-81257061ecbc,rid_7070,pid_3,2021-02-07 09:27:00.000000,2021-02-07 10:32:00.000000,2021-03-29 18:26:00.734205
